user_Id,Role_id,Full_name,Email,Password,Phone_number,Status,CampaignID
1,1,Thomas Baldwin,jasminemorris@hotmail.com,X^6Oy6Zut(,(939)735-5247,block,51
2,2,Joshua Rogers,aimee64@gmail.com,$T4NGkEu@9,(301)486-4269,active,144
3,1,Matthew Hanna,taylordaniel@hotmail.com,+5SwsKv3Ll,(974)616-2175,block,110
4,2,Christopher Reeves,ronaldmartin@velasquez-chan.net,lz_2RR5dj@,+1-537-075-7803x98236,active,45
5,2,Ashley Smith,azhang@santos.org,T^cf8OqVn),(456)556-2376,inactive,88
6,1,Emily Andrade,john19@yahoo.com,&7X!WKsg+g,534-981-6138x2561,inactive,88
7,1,Dylan Green,melanie70@yahoo.com,b0S(qchy+S,263-357-7348,block,75
8,2,Emily Mccormick,wavery@yahoo.com,r1q3GKPa!D,-1895,active,162
9,1,Megan Brown,juanhorn@yahoo.com,yK7eHnyR$_,(917)833-5780,active,75
10,1,Amber Salazar,bfoley@gmail.com,_+lChlg@4g,-2883,inactive,179
11,1,Glen Stokes,rwilliams@hotmail.com,A7J^r^b!+0,001-473-963-7121,block,14
12,2,Kelly Hernandez DDS,william87@hotmail.com,e+8CXwv(3j,800.743.5925x8502,active,72
13,2,Gregory Acosta,bowmanmichael@farmer.biz,^0sNrl(1^F,131-085-0511x244,block,197
14,1,Denise Levy,mortonerica@escobar.com,g+4Vk2HjUi,(226)065-0804x179,active,179
15,1,Theresa Mason,ryan18@gmail.com,5jU2DQDL%q,+1-131-080-1296x920,inactive,175
16,1,Jessica Miller,patriciahutchinson@terry.com,oN*^M1UskQ,5215205852,block,19
17,1,Barbara Deleon,ohunter@hotmail.com,*a2DP67j(9,(321)206-8323,block,133
18,1,Stephanie Compton,dhudson@gmail.com,T^e0dq9uBU,+1-253-071-5012x579,block,136
19,2,Anthony Rivera,caroline05@pierce.com,@eUNAt*y8S,(783)419-0046,active,27
20,2,Hannah Brown DDS,gonzalezhannah@johnson-nguyen.com,(!HtXr713z,8722513131,block,175
21,1,Chad Huffman,james25@yahoo.com,F77y$Yv*_1,038.067.2451x019,inactive,181
22,1,Christopher Logan,jennifer35@dudley-fisher.org,1#in7AEi@S,-1936,active,15
23,2,Jerry Logan,smithheather@fields-diaz.com,f3&6HZQ4)a,001-393-831-6789x9271,block,113
24,2,Shannon Smith,bradley11@pearson.com,h$89K4x1vL,734-754-5478x904,inactive,65
25,2,Cynthia Robinson,melodysmith@hotmail.com,+@*tFtB^60,(204)062-1671x177,block,109
26,1,Cathy Holloway,martinezpeter@gmail.com,zts82fAa(L,595.058.0706x600,inactive,70
27,1,Joshua Harper,rileymichelle@chandler.com,Yd7!7EgxKZ,(160)992-4978x32645,inactive,36
28,2,Raymond Christensen,fjohnson@gmail.com,dc6MRIVw#R,001-771-535-9074,active,116
29,2,Julia Smith,moraedward@blake-aguilar.com,_xv(LUOf1_,001-557-609-9374,active,12
30,2,John Jimenez,amandataylor@yahoo.com,qA7uU^OuF_,463.893.3018x2286,inactive,121
31,1,Tiffany Summers,jenny59@zimmerman.com,k23AxLq4f(,(093)150-7964x934,active,11
32,2,Calvin Barry,lalvarez@yahoo.com,XAFm28Bm9_,001-543-282-5910x20959,active,93
33,2,Allison Lee,aaron89@hotmail.com,4_74#KQtUl,075-812-4750,inactive,38
34,2,James Collins,rowelori@hotmail.com,cnBd0oTki+,889-846-2862x40693,active,72
35,1,Donald Ramsey,anthony61@hanson.com,$E2e4COisv,076.756.0348x52465,active,135
36,1,Jeffrey Watson,annavargas@yahoo.com,giJ0cGl1_K,001-342-904-5256x12249,active,169
37,1,George Ramirez,kleinian@gmail.com,!MFuOfZ(6T,127-554-9200,active,110
38,1,Christina Goodwin,willistina@hotmail.com,&OtsDOGz2H,(488)804-2012x564,inactive,22
39,2,Connor Bailey MD,erika52@vasquez.info,xx22EMkPG(,499.923.0822x627,block,1
40,1,Randall Clark,xgarcia@mullins.info,ycN@6^Kx4m,076.612.5987x384,block,110
41,1,Kevin Larsen,stephanie12@hawkins.com,LV40D!lL&!,+1-590-009-6683x24959,active,99
42,2,Brandon Walters,jade78@gmail.com,rH3D8*XH(8,001-146-902-7760x7156,block,49
43,2,David Maldonado,micheallewis@gmail.com,w8HA72i$!c,6236066125,block,184
44,1,Denise Berg,graveskelly@kane.com,@0Hg^ucsqi,596.188.1583,block,79
45,1,Joyce Morales,clarklorraine@yahoo.com,DdPm^cTg$6,001-353-652-3133x23717,block,20
46,2,Corey Moyer,leesamuel@hotmail.com,R^Pu8DxM(f,(309)354-7438x4208,block,103
47,2,Timothy Campbell,dwright@sutton-gates.com,Ih7P9dsmV$,-9132,active,58
48,2,Andrew Strong,trujillophilip@gmail.com,LkKVsOim!1,3500481325,block,193
49,1,Todd Everett,andrebailey@yahoo.com,&nHhYYJc7K,(295)605-4516,active,69
50,1,Terrence Campbell,cynthia86@gmail.com,m2_DBYyO@E,001-484-150-8917x816,block,73
51,2,Donald Morales,gwade@montgomery.info,B&Ibj4acmR,+1-244-857-9303x55214,block,137
52,2,Janet Taylor,ksmith@davis.com,E#2sPGDgAK,+1-232-015-2091x3582,active,72
53,2,Derrick Owens,megan10@yahoo.com,ZL!7TY0y)^,+1-593-377-0023x71745,block,186
54,1,Nicole Noble,susanjackson@sullivan.com,$X9oOahjC!,490-421-5149x3648,active,87
55,1,Nicholas Warner,timothyhill@hotmail.com,08ZklWWn*8,(201)302-9879x6268,active,95
56,1,Todd Meadows,ortegakaren@gomez.com,t0NfquJT^Z,(893)841-8158,block,194
57,2,Steven Avila,rmaxwell@hotmail.com,%09QaKww+f,-2144,block,182
58,1,Christine Rosario,nicholashamilton@yahoo.com,3*j1d5KoOY,(658)973-0231,active,44
59,1,Jason Henry,hmarshall@hotmail.com,w&5yRx^h$D,208.442.1119,inactive,158
60,2,Timothy Fowler,sandovalbrandon@sanders.com,*d%+2RIer+,040-086-9418x278,block,123
61,1,Michael Hurst,jennifermaldonado@yahoo.com,MJ*_1CZpVo,594.847.7585,block,126
62,2,Kyle Gomez,kbrown@hotmail.com,M+&^2fGbHY,+1-052-774-3732x994,active,55
63,2,Pamela Villegas,rortiz@yahoo.com,9b50YJucw%,159.461.9352x6629,inactive,115
64,2,Michael Hopkins,mooretyler@cole.com,#NAME?,(352)521-8001x5318,inactive,57
65,2,Michael Wong,larryholden@little.com,)_P4K#bdUT,-7514,active,79
66,2,Luis Ellis,johnnysanders@spears.com,s99BoddIV_,059.758.4939x288,inactive,67
67,2,Joshua Peterson,robertperez@yahoo.com,i*OXJ5XiMO,406.219.3977x209,active,187
68,2,Cindy Jackson,millertaylor@mendoza-mccarthy.com,s1w)9EgcG8,001-239-719-7405,block,166
69,1,Jordan Rivera,michael16@gmail.com,(5X1X8IzA),(988)782-2362x08589,block,128
70,2,John Warner,kimberlyalexander@gmail.com,50R07GnA%w,933-017-4199x082,active,139
71,1,Christopher Sampson,austin90@hotmail.com,UA7NKtzU*7,070-870-0199,active,92
72,2,Cynthia Carter,lindacowan@mason.biz,00&vPvxr%S,179-304-9199x9593,active,153
73,2,William Ward,thomas58@yahoo.com,h2Lcce^o@w,330.995.6811,inactive,157
74,2,Melissa Hart,xdiaz@hotmail.com,2g+7QFtgTI,(173)032-0644,inactive,42
75,2,Jessica Hernandez,vegalisa@gmail.com,*7NtHb6oZd,+1-231-719-1939x987,inactive,130
76,2,Melissa Cooper,jamesrobertson@gardner.biz,!5qHhdgX#*,001-164-446-1854,block,25
77,1,Kyle Brown,riveradavid@williams-moore.net,g9BZn)+E$E,(029)578-9646x70756,block,141
78,1,Zachary Cruz,qobrien@smith.biz,F4GrZRr6(!,001-423-779-6829x95647,active,2
79,1,Cheryl Cole,josephmarshall@vargas.com,V4Jz0Kye^u,001-501-734-7425x380,block,128
80,1,Angela Johnson,darrell07@fischer-arnold.info,ND8Koyacl$,+1-718-161-5258x771,active,172
81,1,Dalton Velazquez,solismark@yahoo.com,F57ZFoAzV%,313.281.5797x3749,active,117
82,1,Mr. Michael Smith,curtisgreene@gmail.com,YpX$Kizh$1,001-637-044-5822,block,43
83,2,Connor Allen,roymary@yahoo.com,!C$8uVFyDH,8091646397,active,119
84,1,Alejandra Jordan,lewiskathleen@sanchez-clark.org,!m@g3Hvg8j,231-860-6404x5556,inactive,86
85,2,Michael Berry,wongangela@gmail.com,@1pNMmX3ib,(466)322-3385,active,26
86,2,Darlene Waters,kirbylaura@gmail.com,n1R5ly*o__,82958052,inactive,127
87,1,Gary Cruz,xayala@hotmail.com,#NAME?,985.479.2465x5388,active,82
88,2,Rhonda Roth,gregoryanderson@gmail.com,qnZXASUz_2,001-695-393-1490x7227,active,128
89,1,Matthew Robertson,ashley62@yahoo.com,)u4Xq7wI1h,769-692-6891,active,12
90,1,Melissa Myers,johngarner@hubbard.com,o)h6Mao!lU,(056)618-2695x6171,block,184
91,1,Dr. Dustin Lowe,stonemeghan@gmail.com,gv4E+8wm#V,(255)195-9344x043,block,52
92,2,Cassandra Gill,heather27@yahoo.com,i!0Weoq!uP,172.284.8159,block,157
93,1,Steven Russell,ashley24@yahoo.com,AD$1IR*v(0,001-576-434-9365x31992,block,142
94,1,Dennis Preston,montoyanathan@hotmail.com,%4L(vs0u@%,544-628-5413x587,active,144
95,1,Wayne Compton,sara21@jones.com,ob1EsQcjo*,870.444.7547,inactive,163
96,1,Maria Morales,elizabethwilson@gmail.com,u9zQqvNX@(,071-545-3632x9295,active,134
97,2,Karen Mcdonald,lisa02@jackson.net,)3mmUgQp4x,609.999.1516x52284,active,68
98,2,Justin Mack,gregory95@johnson-lee.info,(4fXxBL767,+1-224-944-7679x380,inactive,66
99,1,Brandy Gardner,wriley@gmail.com,5G++OAzt#A,001-303-326-5849,active,90
100,1,Mr. David Barron,kramerjohn@hotmail.com,*Z$!N@msB5,(910)861-9076x707,block,145
101,1,David Bradley,erin72@wright-everett.com,$eHVsR!q4y,+1-132-525-3462x86552,inactive,169
102,1,Ashley Walker,luke98@gmail.com,+6pU+GtD1Y,(887)441-6790x9337,block,1
103,2,Andrea Casey,jordanbrown@yahoo.com,&&90hBpw7W,612.506.3523x9164,active,149
104,2,Jennifer Parker,hooverjoshua@yahoo.com,Ke9B*Bnn_H,159.678.5015,active,68
105,1,Jessica Webb,scott85@yahoo.com,9wOj13Ls*(,+1-988-832-9678x31522,block,41
106,1,Christopher Guzman,julia61@serrano-lee.com,e7g#dW1V#X,+1-061-702-5826x95638,active,27
107,1,Mary Morales,mcdanieldavid@yahoo.com,z5bpbNKk4$,6289259567,active,26
108,2,Jackson Baker,david97@peterson.org,8B^M2ezt#9,(330)416-1162,active,17
109,1,Mr. Aaron Webb,christine53@gmail.com,&1Gt(F(jdO,120.222.3906x113,inactive,148
110,2,Paul Allen,brentmiller@hotmail.com,%Q6Zih_0lq,872.457.2816x081,inactive,165
111,1,Chelsea Stein,alicewilliams@simpson-delgado.com,mM4@ROZq(Q,(450)840-6409,active,186
112,2,John Young,rjensen@webb.org,FxmLve(p$5,(879)806-4543x371,active,25
113,1,Thomas Webster,robertspaul@gmail.com,X(y1xKod*4,355-780-6869,inactive,62
114,2,Scott Smith,edward68@ayala.net,$*7Unxlm^c,412-832-4846,inactive,158
115,1,Angel Thomas,kayla57@yahoo.com,lt9kDfZ3#+,990.618.9417,inactive,149
116,2,Daniel Parker,wardwesley@jones-powers.org,2dmD)4WrBx,049-388-8472x2872,inactive,128
117,1,Matthew Barry,jefferywarren@roberts.com,#tbZyVKfu8,-6495,block,93
118,2,Susan Bauer,leonard53@smith-jones.com,BPN84Zeu6&,+1-424-070-3565x4203,inactive,66
119,2,Catherine Vasquez,osbornmorgan@yahoo.com,eUsQZwcc$1,(558)939-7751x9007,active,53
120,1,Karen Thomas,williamsshawn@hamilton.biz,%2^50SvKh7,001-259-761-3774x1245,block,113
121,2,Chad Ford,ghoward@hotmail.com,P+gf(wTm*8,-5957,block,66
122,1,Jason Smith,bellcourtney@hotmail.com,Z0^qo$Eg^6,363-147-0637x25680,inactive,124
123,2,Monica Brown,molinadylan@scott.biz,Iij8VXfwN!,001-513-990-5166x827,active,59
124,1,Daniel Ramsey,fmercer@murphy.com,J#81CLhtQu,4209818616,block,144
125,2,Teresa Harrison,melanie93@yahoo.com,_1NuU@ox)c,461-013-1271,active,47
126,2,Sharon Keller,harrismary@cole-barrett.com,wL8P$W(j+v,001-454-611-7993x97594,inactive,112
127,2,David Williamson,adiaz@yahoo.com,O61)WWpq^%,(065)436-5094,active,161
128,1,Gary Reynolds,hfoster@hotmail.com,F9*2fBzYuK,(692)785-8900x06324,block,170
129,2,Beth Sawyer,amyhamilton@morrison.com,3xWohqif@8,4328674454,inactive,38
130,2,Tamara Williams,terryjames@hurst-kelly.com,)Z0H3T9in@,049-311-6453,block,77
131,1,Dominic Hernandez,kgriffin@mcneil.com,a79x1O!xY+,(148)404-5143x261,active,117
132,2,Sarah Sandoval,katherine89@hotmail.com,2PDqoJPm_D,(205)550-8402x281,block,145
133,2,Lisa Hensley,xbrown@osborne.info,f!yNKv*q$2,376-666-5101,inactive,106
134,2,Joshua Banks DDS,victoria63@gmail.com,6*6A4enVcK,+1-816-584-8847x454,block,54
135,2,Kevin Fleming,pjohnson@yahoo.com,#N3PCZoE*K,(526)987-1990,inactive,73
136,1,Brittney Hudson,pjohnson@hotmail.com,ne7cGeAl+8,(109)181-5553,block,31
137,1,Jessica Robertson,townsendblake@yahoo.com,^#d0jSqroG,490-492-3231x462,inactive,30
138,2,Sylvia Jones,ronaldboyd@yahoo.com,_PS2am_T4G,4866411142,inactive,135
139,1,Ricardo Francis,dean18@hotmail.com,!5QtlTaSYq,-7077,block,60
140,1,Leslie Martinez,austinnorris@schneider.org,gi^j3GVkIb,099.658.6995x08341,active,5
141,1,Dr. Bryan Tapia Jr.,jenniferschultz@lawson.com,4HQCLH+s%x,(522)395-1513x9881,active,47
142,2,Michael Coleman,twright@hood.com,b$4TbyeQpU,695-305-5097x2929,inactive,99
143,2,Amy Ryan,alyssa34@gmail.com,*r9EByb+R),140.441.4017x4440,inactive,46
144,2,Rebecca Carter,jonathan67@velez.info,N)3RQV2vqT,1767944727,inactive,159
145,2,Eric Hurst,wayneperry@yahoo.com,5&HzO5DmU@,(601)090-8733x55947,inactive,121
146,2,Daniel Sanchez,greenmathew@yahoo.com,(6QB_Mr9ii,216.912.4951x548,block,13
147,1,Pamela Adkins,pcollins@yahoo.com,)#ClQ(TUA1,318-816-2488x57836,block,77
148,1,Tina Greer,briancarter@yahoo.com,A3RGlI4G^k,198.767.2947x0709,block,180
149,2,Kelly Miller,jshelton@porter-stone.com,u#8Nae)NOB,+1-732-106-0114x4843,active,37
150,2,Kathryn Stewart,riveragary@hotmail.com,xR(Guvg@)2,6592351411,block,121
151,1,Kelly King,christinaray@salinas.com,+b1a)Tvf(l,(540)824-8912x3184,active,168
152,1,Joseph Obrien,bridget36@gmail.com,rA1KIx(wq%,835.563.9306x6057,inactive,70
153,2,Alexandra Cruz,shari29@yahoo.com,cZ!9Khgu%+,247-800-5991,block,43
154,1,Ronald Jones,laurenhamilton@gmail.com,afuSF2SV+8,952.721.9603x91452,active,7
155,2,Brandy Beck,hwilson@jackson-gibson.com,_wDuFwwYN2,001-367-737-3325,active,86
156,1,Traci Davis,alexandra87@curry.biz,S!J5ySsIXU,001-222-651-6613x814,active,178
157,2,Dr. Diana Wade,dmckee@marks.com,!$GmDW8d0R,+1-084-163-7035x302,block,7
158,2,Stephanie Harris,ehernandez@hotmail.com,2g1t3YVfK*,001-678-688-0505x0881,inactive,67
159,2,Aaron Holland,hmiranda@massey.com,_g9JWeIxk0,7690614917,inactive,75
160,2,April Bauer,hgriffin@gmail.com,!8IVsalV)5,(067)443-7444x803,block,65
161,1,Kyle Rodriguez,reeddiana@hayes-jacobs.biz,uFKsBG7a!2,001-560-785-9990x89817,inactive,40
162,2,Teresa Robinson,vross@maldonado-savage.biz,oJA3KY)u*3,8706658037,inactive,105
163,1,Lisa Stevens,jameswagner@yahoo.com,!7aYakJ9a2,185.801.8682x47100,active,196
164,2,Kristi Griffith,cameronjeremy@lee.com,3Vi7S_p6b_,(041)526-1260x7474,active,91
165,1,Timothy Richardson,levans@williams.com,m^4rNsmb5P,-9767,inactive,29
166,2,Matthew Hahn,hannahmoore@odonnell-williams.com,K(0^0Qra0H,8319842343,block,44
167,1,Katie Bennett,sflores@roberts.com,M++6CuVSen,4249326851,block,194
168,2,Donald Baldwin,rhondabarajas@scott.org,YcGl3SKx)8,(286)607-2755,block,82
169,2,Sherry Frye,gwilliams@rodriguez.com,1STZpk^L^H,+1-638-141-7728x330,active,165
170,2,Marcus Garcia,jennybrown@yahoo.com,Wg5EZh!Dh&,001-463-566-3612,inactive,67
171,1,Andrew Pacheco,austinwelch@hotmail.com,6JiASDg1%N,+1-107-589-1447x7823,block,179
172,2,Samantha Rodriguez,hutchinsonamber@hotmail.com,L7&RJhV3#U,124-169-4662,inactive,186
173,2,John Hall,pgarrison@quinn-rogers.com,f*74T9&x%0,148-133-7960x15423,block,102
174,2,Tiffany Bullock,zrodgers@cervantes.net,^4$3OExX(N,727-488-9201,block,192
175,2,Latoya Cooper,fhernandez@miller.com,3+60J+@sZi,667.514.3968x2648,active,18
176,2,Sandra Jordan,kendradixon@cohen.com,#zbVCt9J7w,+1-435-253-8360x573,inactive,78
177,2,Robert Gallagher,carolinewest@gmail.com,DZ6D8On!!V,983-443-0133x128,active,30
178,2,Kelly Lamb,brandon94@bailey.com,(5Yi0kg3wI,(996)508-3896,block,101
179,1,Mrs. Amy Brewer MD,dwallace@gmail.com,jD3v3Dv2#0,6912953882,inactive,33
180,2,Tammy Taylor,noah37@hudson-everett.info,ei4DjJ4$*J,859.530.1152,inactive,95
181,2,Andrea Taylor,bendertony@kim-mills.com,H+r2Gl0ZBW,001-621-878-3974x2824,block,133
182,2,Roy Price,davisandrea@nielsen.com,(t0VaXDm^g,682-147-8291x335,block,78
183,1,Bradley Watson,heatherwashington@yahoo.com,^fjRmSDy)7,448-440-5801x8867,block,172
184,2,Jorge Meyer,ghooper@patterson-williams.org,U*1Skhc4_y,113-709-7209x929,active,97
185,1,Timothy Cooper,lpage@gmail.com,&9JOnZuWu4,262-934-2269x20122,active,178
186,1,Christy Gibbs,crodgers@thomas.com,8pEG(ViI!z,(855)656-1192,block,122
187,1,John Bailey,chelsea91@herman.com,^kg4TRev)H,792-261-1343x63462,inactive,186
188,1,Samantha Shelton,jason41@lin-miller.info,0aN&FX3g)y,001-496-023-1080x44944,active,5
189,1,Matthew Lewis,vwhite@levine.com,*A8Pdsx(@X,(604)186-4393x29840,inactive,145
190,2,John Rose II,nsmith@wilkerson.org,&N1CidMyY#,-8773,block,78
191,1,Kyle Sherman,brian60@taylor-moore.org,J1)5Xe&VN+,860-670-9759,block,6
192,2,Ashley Ramsey,frank09@gmail.com,M*W9lSsg++,(362)395-9781x2996,active,141
193,1,Terrence Acosta,ipugh@white-washington.biz,sq)0wJ96H@,001-722-248-3428x8901,block,141
194,2,Nicole Thompson DVM,gjimenez@jackson.net,%!DRNlfwn6,+1-393-947-9297x0991,inactive,76
195,1,Larry White,thompsonmichael@diaz.biz,tsmYoei$^7,+1-097-540-6357x24037,block,51
196,2,Christian Daniel,dianewilliams@lee.biz,lP4B!2Yt#2,(358)047-0955,active,171
197,2,David Lin,richard72@warren.com,wg4BKnxT^s,-2298,inactive,65
198,2,Heather Huang,andrea14@edwards.com,&3zRo$d95h,001-993-925-4105x73124,inactive,52
199,1,Stacy Lambert,floreswilliam@morrison.com,$26CP4ggMA,408.885.8953x706,active,142
200,1,Kristina Lawrence,lindsay21@larson-salinas.info,F7518)Xx$W,4121479326,active,118
201,1,Gail Petersen,uhall@yahoo.com,pXU5d0Uip#,(605)384-2561,block,108
202,1,Stacey Ramirez,gregory40@gmail.com,531yCtvVx!,(926)203-1916x703,block,130
203,1,Natalie Baker,lindasanchez@yahoo.com,lN6UQgh_!&,+1-587-951-8542x286,active,180
204,1,Ashley Romero,dylan66@gmail.com,O1M_hqIa)9,469-555-7481,inactive,76
205,1,Margaret Salinas,jmendez@gmail.com,*2ivPwexkg,782.598.1397x5197,block,63
206,2,Donald Alvarado,shannon41@wilson-flores.com,c086JM7u*s,551.370.2430x77570,inactive,25
207,2,Sandra Lopez,qfoley@yahoo.com,m27ME9Qi%3,(149)836-0969x05443,inactive,193
208,1,Leonard Chandler,olopez@gmail.com,K6Axni!f)j,741-960-0244x909,block,133
209,1,Lindsay Oconnor,michael07@hotmail.com,#PaWE&oDa7,9543810334,active,116
210,2,Joshua Clark,norma96@thompson.net,SP0q4Zkn%i,(666)147-9073x70857,block,42
211,2,Jessica Jimenez,stephenbooth@yahoo.com,jWR&3ZgqD9,001-081-600-8342x7926,inactive,95
212,1,Tiffany Bartlett,john22@fuentes.org,$a5HRdxnO),418-473-7279,block,9
213,1,Joshua Jackson,tayloranna@barrett.org,*2p#AbJTJg,523930203,active,81
214,1,Kathy Lopez,duncanjessica@moyer.info,4q3cEUZr%x,703.640.1306x84244,active,45
215,1,Miss Jennifer Daniels,heidiking@gmail.com,!y2YldzS%5,(836)885-5571x58076,active,154
216,2,David Cunningham,kjones@yahoo.com,%xUD5Qz@5(,197.377.2930,block,4
217,2,Mrs. Susan Oconnell,reyesanthony@yahoo.com,5+VMghdc_x,(051)373-2493x987,block,121
218,2,Alexander Rivas,tylerhannah@pacheco.info,^X9iUE6om%,+1-567-804-2648x536,block,37
219,1,Aaron Hooper MD,pamelahanson@coffey.com,W&tR4cFl3F,081.665.1597,inactive,116
220,2,Valerie Morton,charlesglass@yahoo.com,I7x*GRyq#p,641.636.2047x412,inactive,157
221,2,Hunter Williams,carlosholland@yahoo.com,%PyZQdYfT3,+1-003-178-6822x369,block,7
222,1,Andrew Cook,dhernandez@rodriguez.org,%3MsYC11Sj,6614315748,block,112
223,1,Samantha Nunez,victorsawyer@gmail.com,b)5VH3a5qe,(494)842-5558,block,119
224,1,Whitney Grant,brent13@watson.info,zi2qwAkl&9,799-937-2958x3633,active,107
225,1,Steven Barrett,drewlong@jensen-wells.info,m*15%3DgGD,955.170.0637x87922,inactive,48
226,1,Terry Mcgee,nhernandez@wiggins.org,M1&3aRdFoY,235-237-5651x66997,inactive,33
227,1,Jeremy Harris,ericmiller@dyer-hansen.com,zbgzJ6Pp9_,4140734966,inactive,124
228,2,Ruben Crawford,sarahlee@yahoo.com,&vugDQO19c,+1-370-526-4033x59524,active,179
229,2,Melissa Munoz,dleach@dalton.com,$fv5JNPsj^,(199)715-6065,inactive,65
230,2,Henry Schmidt,josemiller@gmail.com,4I9h23Rbm),1957269069,block,141
231,2,William Campbell,rodriguezjulie@yahoo.com,k)6TscGa&U,457-435-2292x67572,inactive,181
232,1,Jamie Wright,jon71@lindsey.com,GXB9ZjUi$s,677-405-8646,inactive,50
233,2,Donna Mitchell,garrettmeadows@hotmail.com,5jUG0x2h(j,8278500781,inactive,64
234,1,Maria Campos,nicholasrussell@armstrong.net,m2nVyQ^y!@,(256)643-5147,block,135
235,2,Danny Smith,perry13@mendez.info,(2rvFokxpb,001-351-665-6493x64811,inactive,54
236,2,Brandi Rhodes,jjohnson@ferguson.com,IvX8cO%!*7,001-487-233-1836,block,194
237,2,Gregory Oconnor,jocelynwallace@jones.com,(O*V7Q4rcA,5816552101,inactive,166
238,1,Craig Lynn,stephenskimberly@yahoo.com,_5W#o2HhvJ,-3724,active,61
239,2,Katie Lopez,edwardsjanice@edwards.com,6K!C4oPeQY,+1-132-431-1465x79316,inactive,197
240,1,Brian Lewis,tonya39@wiggins.com,$2gExMirQc,(440)384-0874x0325,inactive,200
241,2,Amber Jones,ccole@sanchez.org,l&%L75WjdD,556.802.4138x82575,inactive,161
242,2,Renee Smith,robin11@brown-smith.com,4RIBFIEz_L,359-564-5233,active,17
243,2,Mary Johnson,jo44@mccall.com,(#e7aSRm0h,311.362.3962,active,15
244,2,Walter Mosley,mfarrell@yahoo.com,2ZjhAfxj@5,(505)565-4031x9534,inactive,91
245,2,Timothy Cook,william39@yahoo.com,Xy&K7O+s$4,252-633-2401x221,active,41
246,1,Carrie Maldonado,christopher50@everett-williams.com,_11yVykaVd,+1-016-395-7685x02718,block,198
247,1,Patrick Watkins,lisa82@yahoo.com,h0B)1QEcWV,365.690.2840x81983,inactive,80
248,2,Barry Wright,jessica03@edwards.org,29Lz2LvH#B,476-718-7401x03042,block,171
249,2,Adam Jackson,nancy91@hotmail.com,@(N6dZYoh8,935-505-4364,active,107
250,2,Jennifer Moreno,barnesjimmy@gmail.com,k9^CaGP$!c,202-392-8312x1055,block,46
251,2,Alicia Blackburn,lawsonshannon@smith-hull.com,_0g5CisI#Z,221.943.4373x580,block,104
252,1,Melody Lynch,cherryamanda@lewis.org,_f9wPxdo!J,253-447-8246x9865,active,166
253,1,Andre Baker,robertwright@gmail.com,)+SyQ_rd$2,226-547-6422x968,inactive,91
254,1,Jillian Bennett,booneabigail@hotmail.com,6o)yR8Znq4,035-227-7314,block,110
255,1,Timothy Wright,bgibbs@gmail.com,3cb^nGOP&0,5705083947,inactive,43
256,2,Ashley Jackson,leetina@hotmail.com,)ljBs1bX97,807-689-8278x6773,block,46
257,2,Linda Lopez,alexanderbriana@lopez.com,8o0PByoK__,(072)958-3694,inactive,36
258,1,Ashlee Rowland,christine24@yahoo.com,A_38AL*tE^,001-271-918-1373,active,70
259,2,Samantha Lucas,jeffrey75@burke.info,u1bBg#N_%f,543.688.8274,active,81
260,2,Kristy Randall,kenneth41@gmail.com,r$O9WWWvuw,+1-286-037-2139x81401,active,44
261,2,Tracy Rocha,brandon14@hansen-thompson.com,(8G8O8FIXm,001-451-715-7102,inactive,9
262,1,Travis Fitzgerald,kellieboyd@santos-roberts.com,MR3QZYmq$&,203.600.3662,active,60
263,2,Matthew Sims,armstrongelizabeth@hotmail.com,5Z3%Tdwk_h,4400456131,block,180
264,2,Jeffrey Scott,michaelpatterson@sellers.com,29dwEwtb_0,001-950-115-0879x869,active,62
265,1,Jeffery Rodriguez,kyledavis@lowery-allen.org,)P1sPtjs+d,001-832-099-7325x171,active,115
266,1,Kenneth Daniels,ashley64@gmail.com,7211HQNy9_,(253)629-1638x662,block,168
267,1,Alan Davis,shepardcristina@hotmail.com,P^V2#MFczO,421.967.1514x3275,inactive,125
268,1,Karl Mclean,avilakristina@hotmail.com,@IO1rDAiL_,001-764-930-2979,block,69
269,2,Samuel Solis,donnamartin@yahoo.com,+PGZ)t1gS7,5033765007,active,138
270,2,Thomas Barrera,bsmith@johnson-wilkinson.com,Rn$21PLql#,(140)311-2674,active,192
271,1,Janice Gilbert,michealyork@yahoo.com,nX3+TaD2U+,001-629-573-1856,inactive,183
272,1,Mike Wolfe,kaylaking@wilson.com,*#JW9Gnhw6,-6276,inactive,87
273,2,Thomas Ewing,taylordavid@rivas.com,gP0OADfa(*,-7442,inactive,54
274,2,Stephanie Johnson,fpark@yahoo.com,0eM__3Hz2g,001-364-638-7864,active,160
275,1,Grace Parsons,lisa43@gonzalez.net,&0B@v^Z&&C,637-796-3515,inactive,97
276,2,Devin Shelton,faith46@hansen-allen.biz,1)OsYnTw++,(155)365-1021x656,active,125
277,2,William Chambers,proberts@gmail.com,q%lNk%Qk&5,9102698101,active,42
278,1,Eric Odonnell,briannawilliams@mitchell.com,#NAME?,001-699-341-5469x39543,active,82
279,2,Joel Green,tjames@gmail.com,0w+6I0l0U),6460869864,active,22
280,1,Rebecca Castro,nancy79@hotmail.com,@ca738Wl%Q,6898749479,block,131
281,1,Vincent Myers,gboyer@rodriguez.net,5K2HU6nN)3,001-840-989-5776x818,inactive,29
282,1,Laura Ingram,djones@gmail.com,LP$6$AGi%s,001-346-672-0720x00811,active,60
283,2,Kyle Davis,kelly17@yahoo.com,iF3N$YRxB+,539.210.4214x019,inactive,114
284,2,Michael Scott,theresawalters@yahoo.com,*v#acpZa9a,(278)908-2111x133,inactive,138
285,2,Brittany Johnson,mvilla@gmail.com,sE%qI5IyOy,497-859-2614x486,block,33
286,2,Gerald Rodriguez,caitlinmartinez@weaver.com,9C9TA+Cp!H,8118603004,inactive,199
287,2,Jennifer Hancock,jeffreybutler@yahoo.com,7qS3LwKJb),718-604-5745,block,161
288,1,Vincent Mays,astewart@colon.com,Jkue18L8g^,(656)223-7670x736,inactive,159
289,2,Jill Jones,annettefrederick@johnson-bautista.com,%%Rnf#dbl0,529-836-8537x1047,block,113
290,2,Charles Dunn,ymiller@good.com,w1UMz(IC*z,2367857919,active,142
291,2,Christian Anderson,nicholas94@clark-cook.org,oD4^Il^tU(,076.311.6092x976,inactive,86
292,2,Kristen Wolfe,davidswanson@jordan.info,#NAME?,+1-812-497-0340x88110,active,63
293,2,Danny Johnson,donna09@gmail.com,%QYPNrkQ$5,477-785-3013,active,155
294,1,Briana Moore,jason66@gmail.com,!+6dINn@@3,001-283-885-4374x5726,inactive,70
295,1,Anna Smith,crossashley@hotmail.com,wn8ZpwMr%5,001-452-786-4336x36969,inactive,143
296,2,Cassandra Wallace,opaul@ellis-smith.com,%00NyKPme%,616.088.9724,inactive,100
297,1,Jeremy Duran,justin09@mcdonald-robertson.com,X_6Bq7#e)*,+1-850-023-1820x9074,block,170
298,2,Christine Sanchez,paul41@yahoo.com,E_51Tr3%6D,5487022810,inactive,122
299,2,Lisa Neal,clinedaniel@zuniga.com,YU#8qCSf&U,(930)079-1361x54559,inactive,151
300,2,Miss Lindsey Stephens,fcooper@brown.com,v^$2rXjahH,956.055.6504x5782,inactive,98
301,1,Rita Robinson,qmercado@hotmail.com,hH59JDe$@@,(639)270-4832x50722,inactive,66
302,1,Amy Young,jamesryan@morales.com,PvWyhPMz@1,(288)766-2473x5221,block,157
303,1,Philip Allen,bsanchez@yahoo.com,#06YFqCQnL,565-054-9316,active,80
304,2,Tyrone Robles,bestcody@hotmail.com,%TMSDNSar1,001-467-719-4529,inactive,137
305,1,Charles Stewart,chad87@ritter.net,dc5RC%Hg9#,717.000.4188,active,151
306,2,Karen Mccoy,danielschmidt@wilson.com,s9LqPSsl)y,5392090387,active,179
307,2,Ashley Hurley,tamara98@wilson-sullivan.com,p5igXBEj&x,060.996.2796,block,168
308,2,Mitchell Mills,acarlson@gmail.com,jcL$(inp$7,242-410-3930,active,31
309,2,Stacy Anderson,robertthomas@yahoo.com,#pSl21k828,001-629-918-1379,active,58
310,2,Robert Sexton,linda60@curry-anderson.biz,x*Vn7CpSQJ,499.890.6258,active,200
311,2,Jennifer Freeman,austin60@taylor.com,2M&+Janl!$,(731)765-4188x3415,inactive,116
312,2,Michael Rasmussen,stephendavis@miller-hayes.com,b#6SZheg%0,5924339952,block,195
313,2,Robert Miller,heidi98@lewis.com,#s@2OjZs7Y,+1-377-260-7251x511,active,58
314,1,Kristin Wright,morapaul@lane.com,@03SGKmBFe,125.434.8343,active,196
315,2,Jacob Lewis,frankmiller@anderson.net,em&7UEAi@+,+1-599-932-0883x6250,block,134
316,2,Holly Pierce,tsmith@king.info,#cM8!shms7,771-218-7502,active,125
317,1,Bryan Walker,garyellis@nolan.com,%IJ)1uwb#9,001-520-481-3649x2287,block,143
318,2,Nicole Clark,randerson@good-rogers.biz,)fDUw9Pc4V,+1-924-890-2169x13902,active,67
319,1,Jeffrey Howe,jhaley@yahoo.com,_tm9OllZIf,774-894-8516x66755,active,16
320,1,Bruce Arroyo,wongbrandon@yahoo.com,py7kLF6S+9,001-087-966-6995x3560,active,183
321,2,Karen Salinas,madams@yahoo.com,09Y@xRWQ(a,527-995-3745,active,3
322,1,Kelly Turner,archernicholas@gmail.com,&d0$CqlI9x,-7612,inactive,162
323,2,Brenda Greene,fdickerson@ross-garcia.com,b*4BW9u_nm,661.143.1930x4877,inactive,145
324,1,Jennifer Foster,juliekeller@gray-smith.com,#w@8ATr^(_,136-343-8097,inactive,49
325,2,Jessica Jones,moorekristina@rodriguez-singh.com,DXh3vLcX!^,134-358-0517x8014,block,71
326,1,Andrew Carter,brian28@walsh-rios.net,KI9LERhf*N,733.395.3017x237,inactive,177
327,1,Marvin Robinson,kdavila@yahoo.com,^0A*D0x5!*,001-409-764-5143x93524,block,22
328,2,Brittany Adams,newmanjerry@gmail.com,*^pcKAb+j7,001-542-578-3487,inactive,185
329,2,Andrea Huang,zcampbell@schmidt.com,&4aY2$ZA4s,018-257-5830x8639,block,62
330,2,Carlos Mayo,elizabeth63@kent.net,X%f3USr$2^,861-039-6707x4190,active,195
331,2,Gary Morris,nancy48@smith.com,^S4I8r%E*P,657-966-5938x62244,inactive,155
332,1,Daniel Todd,amymartin@gmail.com,&7_)uULdZx,+1-480-387-5940x324,active,46
333,1,Jeffrey Charles,yvasquez@parker.com,Bvw#04XcAr,970-610-1281x1751,block,79
334,1,Elizabeth Smith,johnstonsusan@heath-ray.org,Ls*0OJOz^G,+1-159-792-7853x9121,inactive,53
335,2,Ricardo Chase,heather34@mccall-taylor.com,*22h8JHkuV,474-670-3644x4868,block,46
336,1,Michael Daniels,allison95@tucker.com,f_AYBy!a(2,2297766517,active,12
337,1,Holly Porter,vterry@allen.com,&6V1ozWpN+,236.258.7243x27323,block,121
338,1,Tracey Mccarty,hcarter@green-jordan.org,o!qf4_Fzf1,030-463-7127,inactive,193
339,2,Jill Arnold,raymondkirk@stevens.com,9wlz$2Co^C,(262)356-6940x338,active,9
340,2,Gloria Marks PhD,anashea@yahoo.com,M@&76THxC&,(688)376-3791x339,block,55
341,2,Rachel Daniels,yhall@hotmail.com,_3TiylP@Sj,(800)152-5715x66816,block,107
342,1,Robin Lee MD,hessrobert@gmail.com,9&Z3UsdiI4,(272)878-2073,active,153
343,2,Robert Dennis,williamjimenez@little.info,jT_2VwNc7c,649.480.4014x3116,block,37
344,2,Michelle Alexander,robert96@reynolds.info,gFv)4FUt@D,173-465-3876x92507,inactive,116
345,2,Rebecca Fisher,robertsandrew@yahoo.com,_6XyC)5O(I,(168)660-3143,inactive,105
346,2,Teresa Casey,anthony43@hotmail.com,5qKrEK2p)&,403.326.2083x5060,block,156
347,1,Nicholas Smith,mistyortiz@burns.com,^56qkyBizG,166.518.6199,block,83
348,2,Tamara Johnson,jeankennedy@hotmail.com,p$E^42Ew8u,001-177-020-0606x300,inactive,45
349,1,Miguel Jackson,lindseyrodriguez@yahoo.com,#8_ya+Ju_e,001-625-358-7605,inactive,146
350,2,Samuel Pratt,allentami@yahoo.com,^&6N+J5kns,-4883,inactive,74
351,2,Wendy Robinson,tarawatkins@baker.com,Y_kLP8m+)2,001-545-390-9584x44698,active,170
352,1,Stephanie Jenkins,douglas71@smith.info,7$eb49Bhnq,(927)811-1837,active,30
353,1,Elizabeth Walton,bharris@martinez.com,_dG6qL3n42,001-987-769-3262,block,43
354,2,Julia Pittman,wkline@sanders-moody.com,(8plWhu6dv,001-536-515-4288,block,57
355,2,Jason Flores,dgreen@gmail.com,6*1VHj2!8i,575-905-7478x783,active,196
356,1,Jessica Johnson,jacksonjimmy@yahoo.com,mG)mEHWn%7,+1-831-075-1592x904,active,4
357,2,Stephanie Morgan,gking@yahoo.com,dq(81HeseD,634-330-4080x88160,block,19
358,2,Mark Jones,pcole@yahoo.com,2_9uCOMj%Q,+1-462-426-0346x73436,active,21
359,1,Jennifer Grant,crystalrogers@moran-stokes.com,#NAME?,001-062-018-4116x9423,block,65
360,2,Amanda Sexton,barrysmith@morris.com,8+8RqDJRE0,(138)533-1078x9495,inactive,62
361,1,Michelle Bernard,barrettryan@morris-wolfe.com,538JGiFH%5,361-439-2783,block,25
362,1,Christopher Torres,devin16@mckinney-west.com,#NAME?,001-670-154-2289x37428,inactive,88
363,1,James Wells,nancy99@richardson-thomas.com,#QFNmj_o8c,342.464.6286x86508,inactive,123
364,2,Kelly Burns,rromero@oneal.com,mz_^0Csn93,-1646,block,165
365,1,Danielle Lopez,bhall@gray.net,9wLGR*zZ)d,9615692847,inactive,120
366,2,Keith Hooper,wowen@yahoo.com,mWE2Dapp&3,728.827.6353,active,164
367,2,James Snyder,prattmark@chan.net,YTi^Z5JaoW,001-493-889-1223x70835,block,61
368,1,Ebony Rangel,larry88@bailey.net,_iM^0D(aOF,001-452-773-6826x8384,active,165
369,1,Elizabeth Montoya,kelly91@schroeder.com,+$1#Xz)Rvr,158.260.4368x55751,block,10
370,2,Brian Ball,ehodges@gmail.com,269wUwqPj&,+1-280-855-3154x750,inactive,5
371,2,Anthony Sparks,sara94@yahoo.com,Qu8VpDdi&m,022.982.4138,block,166
372,2,Elizabeth James MD,patriciadiaz@yahoo.com,BZ4Z4)!tL#,+1-242-934-1547x870,active,148
373,2,Tony Tyler,erica31@yahoo.com,2JZ_f6AuiR,922.288.7454,active,153
374,1,Regina Wallace,kevinthompson@yahoo.com,O6&FGezo(r,+1-647-578-1356x1632,active,26
375,2,Debra White,jennifer41@walsh.com,P!)s73BpM0,334.496.6487x975,block,132
376,2,Amanda King,rogermartin@garcia-gonzales.org,+k)&4^Aj9F,048.181.0201x4780,inactive,86
377,1,Carolyn Davis,selena70@hardy.com,4G)7Fvo!eZ,491-149-4770,inactive,148
378,1,Elizabeth Jordan,travis75@brown.org,_c30JvjkL_,498.821.0399,block,195
379,1,Lori Stewart,aguilarmelissa@yahoo.com,iIsSx7Xe@J,859-485-1550x5363,block,182
380,2,Cynthia Ward,shansen@hutchinson.com,_XLyK9r)I0,264-754-6332,active,182
381,1,Laura Lee,pwilliams@brown.org,z%x6hL*%Ch,225.400.9124,inactive,151
382,1,Heather Smith,austinjared@gmail.com,g#u4WwHr(),999.258.9385x326,block,45
383,1,Michael Jennings,hromero@yahoo.com,I@2YUpHK$^,564-943-9918x49774,block,159
384,1,Paul Lee,mckinneysierra@yahoo.com,s$WsQffH(0,(919)889-9237,active,168
385,2,Robert Johnson,fparker@gmail.com,oH7Onjxo*1,(449)324-6904,block,60
386,1,Kevin Wood,andersonchristine@warren.net,$8_OpPq33O,+1-885-886-6086x6518,inactive,172
387,1,Douglas Mayo,jessicarobinson@evans.com,R@t)0VYbLR,302-346-4223x33975,active,95
388,2,Danielle Bond,hnguyen@cortez.com,#7WHoMQi2n,9204095453,active,117
389,1,Mr. Michael Kelly,seanphelps@barnes.com,@P6Is0Xa44,001-016-685-4805x82486,block,79
390,1,Jason Ward,afrye@gmail.com,cg(ftAaf*2,1408428213,inactive,135
391,1,Rebecca Reyes,melvin08@hotmail.com,Fah@06UodP,001-683-396-2182x86188,active,71
392,1,Diane Cox,ashleerodriguez@hotmail.com,Hr8o1Yxs($,001-231-720-0366x8114,active,36
393,1,Gary Hall,keithduncan@harris-jenkins.com,CkfL1SpS)g,(703)591-5310x4792,active,23
394,1,Kristin Wise,kara37@gmail.com,#NAME?,678-110-2357x7946,inactive,105
395,2,Kimberly Davis,colleen42@hotmail.com,q4@F9J0q^a,5485644959,inactive,175
396,1,Deborah Thompson,ericmeza@gmail.com,&j2R24hEds,8653842974,active,45
397,2,Adam Lawrence,dburnett@hotmail.com,*XPtTgsms9,826876045,active,195
398,1,Troy Reeves,zfisher@hotmail.com,_R5hDf^$FI,001-062-197-8085x3393,active,190
399,1,Sandra Snyder,nkey@stevens.info,(1(h(YnHMs,(994)671-5257,inactive,94
400,2,Mark Walker,justin63@taylor-rogers.com,H@i0SbIU^O,-8677,block,130
401,1,Zachary Johnson,vazquezdavid@holmes.com,kqK1$Piuu#,292-649-5351,inactive,11
402,2,Alexander Anderson,claudia21@hotmail.com,k73X$lHQ#j,184.864.1209x15005,active,62
403,1,Deborah Casey,waredaniel@peck-johnson.com,e3s*rM7B*x,001-484-120-2153x6251,block,51
404,1,Preston Brooks,david98@bradshaw.com,_AaJr1Cp_4,426-449-3696,inactive,165
405,1,Jeremy Smith,randy58@gmail.com,qs#VtE)u*0,-8454,block,135
406,1,Amy Mann,valerie26@warren-howard.com,A8JoqPCe$),696-666-3190x923,active,153
407,2,Austin Patton,jcook@gmail.com,%5QEro^vdo,+1-949-344-0082x06882,block,88
408,1,Kevin Pierce,whernandez@gmail.com,S&5E%#Eeu!,690-007-2895x909,block,117
409,1,Joseph Carroll,jenkinsjustin@smith-long.net,7pIIWuxp$z,001-701-162-3487,active,45
410,1,James Welch,rothjeffrey@yahoo.com,zhbwOwVp_9,715.212.5108x97289,active,22
411,2,Anita Dean,dustinwiggins@hotmail.com,%(MG1l9u1),(063)452-7460,inactive,92
412,2,Robert Wright,mccoymitchell@carson.net,!YRovRbO39,(307)757-4745x864,active,35
413,1,Brent Williams,wcarr@stone.com,GkU4%LRj!0,369-781-0981x61550,active,136
414,2,Duane Harris,davidperez@haas.com,T@6QEa%_8+,783-941-2677x08670,inactive,188
415,1,April Martin,yblake@downs-cameron.biz,)YZi1JMn5g,+1-830-100-0516x324,block,161
416,1,Kelly Turner,amandavaldez@aguilar.com,s#3CySk9Ml,5648821849,inactive,75
417,2,Kevin Potts,josemoore@yahoo.com,x6ES_u@u@1,857-796-2104x619,active,188
418,2,Brandon Kaiser,juanjackson@atkins.com,$q3mmTOzVk,(938)064-4297,block,77
419,1,Wendy Watkins,angel19@hotmail.com,&d$KQv)u2E,427.730.2799,block,177
420,1,Jeremy Yang,nicoledonaldson@rose.com,+&5i##waBB,441.998.7685,inactive,60
421,2,Mary Peterson,steven34@yahoo.com,y_QY4UQyot,001-497-997-1928,active,96
422,1,Brian Riley Jr.,randy62@gmail.com,J6OIC2B*&g,(599)214-2718x6026,active,93
423,1,Mark Wilson,htran@mayer.com,562XVhsn+4,001-710-862-3765x392,block,144
424,1,Samuel Thompson,simsnicholas@fuller-mcconnell.net,S&F8(0Wp6u,564.894.0050x73317,inactive,182
425,2,John Crawford,mcook@yahoo.com,VZ52mT3bz&,(606)598-5231,block,49
426,1,Michael Lopez,johnny36@gardner-richards.com,!VZ9KLmn&o,+1-309-641-3611x372,block,195
427,1,Colleen Mayer,brittany01@campbell.com,c6NRdsfd+3,+1-893-581-2208x2001,active,175
428,1,Tammy Bailey,emily83@hotmail.com,**8buE(vb(,(608)245-0493,inactive,94
429,2,Robert Tapia,hallthomas@hotmail.com,5DDxFWVr&(,796.032.4454,active,181
430,1,Mr. Derek Flores,tiffany87@horton.com,&kTq5RP70z,001-516-049-6757x851,active,47
431,2,David Hammond,joshua27@walker.com,*7_JDzOph7,+1-207-669-7579x156,block,131
432,2,Craig Smith,thompsontanya@yahoo.com,W!8qDXto)N,+1-491-028-7853x5623,active,135
433,1,Charles Brown,cmurphy@davis.biz,q5MPtdWV^g,683533956,block,15
434,2,Timothy Wilson,lauren91@hotmail.com,%#(EQhsZ5n,860.154.4282x71168,active,22
435,1,Julia Williams,colleendoyle@gmail.com,%#7PIK_b9&,(433)696-5378,inactive,85
436,1,Beverly Hensley,kingjoel@clarke.com,D!07U^hgBL,(063)736-6424,active,117
437,2,Francisco Noble,emilycarter@yahoo.com,$rg_Ic6xD8,164-110-6473x40883,block,27
438,1,Kathleen Johnston,paultraci@yahoo.com,QI*iczgr^4,302.667.5855x60117,active,99
439,1,Ruth Watts,uowens@yahoo.com,1sg0cjYh_Q,-3093,block,153
440,2,Frank Ferguson,lbush@olsen.com,7!0PPCdshs,923.303.6625x6742,active,192
441,2,Gabrielle Leonard,jacob92@gmail.com,@jnj9Tix#Y,511-598-3599x6310,block,145
442,1,John Guzman,mwatson@hotmail.com,W&&#9GllAF,(672)424-6313x51996,block,81
443,2,Jeremy Wall,herreramatthew@fisher-davis.com,$TUNXMd$1J,001-365-605-2687,block,160
444,1,Phillip Jordan,enelson@oliver.com,Gc6Yz3^n)w,003.223.5372x44234,active,104
445,1,Susan Kelly,russellcolton@yahoo.com,&2Od9nKW2B,(957)095-7555x39133,active,81
446,1,Victoria Ortiz,michael09@brown.com,wUE4&pc4@3,698.574.8166x20177,block,74
447,2,Erika Walker,anthonybrooks@hotmail.com,0%49y5Ts*P,+1-826-480-5013x97561,block,4
448,2,Vernon Sexton,josephking@yahoo.com,+HTuQ$IkH1,+1-156-662-4734x46556,active,192
449,1,Caleb Coleman,jeremygriffin@baxter.com,5pG0EMSW%m,001-466-583-5920x053,block,88
450,1,Nancy Ferguson,robert30@estes-wilson.com,Z13aa8Pl(W,895.905.6064,active,187
451,1,Charles Stone,joseph30@jefferson.com,&2PdU3p&hh,+1-382-767-3024x58538,inactive,58
452,2,Aaron Mitchell,jfrancis@hotmail.com,!qssLlJ9S3,(797)621-2073x803,active,43
453,2,Stephanie Garza,thomasmartinez@adams.net,(1cfO3eKSk,205.316.1288,block,163
454,2,Katherine Williams,ann78@ford.org,SSonMW1p%9,365-630-9753x29686,block,56
455,1,Adrian Armstrong,jillalvarez@lopez.com,q_tR4BHGqk,+1-883-037-4342x21425,block,64
456,2,Toni Stephenson,epetersen@thomas.biz,e#AA46VxF(,148.835.2856x52767,active,38
457,1,Mr. Frederick Francis,tasha33@romero.net,SG5Yv_4dI*,746893660,active,75
458,2,Wanda Potter,christie36@gmail.com,!2RmMu5U%Q,+1-035-372-9408x6877,block,98
459,1,Troy Hughes,zacharygonzales@rice-patel.com,_h@3r6LcE(,850.574.6824,inactive,15
460,2,Anthony Martin,steven31@hicks.com,0!TBEWer+7,049.123.7210,inactive,177
461,2,Trevor Martinez,amandahuang@gmail.com,+$)889UcMo,520-799-7007x02975,inactive,120
462,1,Amy Mcdonald,lperkins@gmail.com,R9DZP8s+*d,(096)167-6971x18255,inactive,51
463,2,Brandy Anderson,wardwilliam@brown.biz,Q7kH4vWE_H,281896149,active,167
464,2,Dalton Wallace,lewiskeith@gmail.com,o(2Fl^&pay,(421)794-7732,block,108
465,2,Stacey Dixon,harrisontaylor@fernandez-clements.com,r#4SzTSznJ,001-873-727-8081,inactive,166
466,1,Mrs. Brandy Rogers,montoyajason@lee.com,)+6)VyiG+%,(303)556-8160x96126,active,109
467,2,Jason Weber,rodney48@gmail.com,^5GnxA^%R6,001-354-292-0629x040,inactive,100
468,2,Paige Kaiser,charles76@santos.biz,YkIGqSBD$7,001-665-959-8731x33041,block,61
469,1,Teresa Smith,zgreen@fowler.biz,Y(71kKj1eZ,001-681-556-7917x077,active,185
470,2,Eric Wright,teresachang@whitehead.com,Y+hlV@4p(7,-5653,active,60
471,1,Amanda Thomas,julian12@yahoo.com,#3oRUxAv&7,-6373,block,193
472,1,Donna Shepherd,lanejennifer@hotmail.com,rh)E9Whq!9,812.481.1563,active,115
473,1,Alyssa Brooks,ogarcia@miller.com,@0VkUh_wxy,001-915-711-9965x0836,block,107
474,1,Michael Moreno,bentonrussell@carpenter-walker.com,kiF8LLsof*,491-370-0631,block,182
475,1,Jim Brandt,julie46@gmail.com,_bGfowFWl8,(716)567-7245,block,135
476,2,Brittany Atkinson,brittany94@hotmail.com,&@C0K&tgXD,717.989.0181,inactive,108
477,1,Jason Johnson,larrypatel@lester-frey.biz,_z7w5Ca$WJ,918.831.7983x8508,block,77
478,2,Amanda Ingram,christopher06@yahoo.com,x)6A5Pyu$Z,605.474.0013,inactive,52
479,1,Stacey Leonard,schroederderrick@chapman-sims.com,eB6rv9dJS+,+1-053-988-2391x379,block,92
480,1,John Norman,osborneamy@yahoo.com,$%QT7QCnGI,251-554-8571,block,11
481,2,Wanda Aguirre,kristina10@hoffman-murray.com,C60YWXk#!0,001-369-068-7468x3864,active,173
482,2,Christine Pope,laramichael@yahoo.com,2q%5GxOvs2,474-476-1942,inactive,139
483,1,Chris Davidson,rbrown@becker.biz,o^6N!X)T_y,3917098672,inactive,12
484,2,Chad Petersen,edwardsjorge@yahoo.com,VS9MAs$a_y,(110)666-3727,inactive,199
485,2,Sheri Walker,andrea01@franklin.com,PH_1WCclX%,(792)638-7866x450,inactive,70
486,2,Emily Nelson,bdavis@lara.com,kRi0jpoqY&,001-783-670-9771,block,57
487,1,Linda Ramirez,andreagrant@hotmail.com,Q(UaGL1w$3,4986701519,active,168
488,2,William Mueller,simpsontricia@nelson-ramirez.com,&^cJjjVcZ3,+1-740-312-9865x9414,block,79
489,2,Emily Taylor,qmayer@george-alexander.biz,)J9MNOaW!y,042-592-9756,active,55
490,2,Shane Cannon,jonathanwilkins@hotmail.com,U_2FSsfff*,001-653-345-2931,block,1
491,2,Susan Cooper,charleskaiser@woodward-ray.com,i&H9NqlJSQ,001-138-982-5128x7804,inactive,185
492,2,Micheal Morrow,brittany89@hotmail.com,(^q2gZjojI,(212)274-1896,inactive,133
493,1,Danielle Robertson,andrewfisher@oliver.com,gS^n9G&pze,001-105-373-6372,block,83
494,2,Victor Bullock,herreratammy@hicks.biz,s81K55Fm%P,+1-228-482-1705x4672,active,3
495,1,Scott Williams,robert73@gmail.com,Yp&6Dc&1+s,+1-515-718-7028x9057,block,47
496,1,Paula Juarez,ericamontes@yahoo.com,)D05VvfV27,(576)777-2634x5328,block,160
497,2,Timothy Smith,patricksantiago@soto.info,Q&d7*6Tc6L,590-098-2174x23212,active,192
498,1,Amy Garcia,kleinelizabeth@franklin.com,G2!y&0Ktko,(353)231-8101x53438,inactive,11
499,2,Michael Norris,henrynelson@richardson.com,@370R3xLfG,(529)325-8314,block,133
500,1,John Clarke,dalemartin@pearson.com,x5YKYv!f+g,863-474-8157x684,active,17
501,2,Lindsey Taylor,nmoore@gomez.net,g*1QrnrcJd,-9772,inactive,140
502,2,Rachael Barron,brookemartinez@green.com,U*4aOy_!oJ,(930)148-1259,block,93
503,2,Susan Rogers,nicole90@yahoo.com,qzvJ7+3e%9,585.040.6303,block,143
504,2,Gabriella Simpson,ysanders@yahoo.com,%70L41w#DX,813-842-1054x820,block,20
505,2,Matthew Austin,paul17@moore.com,#NAME?,549-306-0126x5278,inactive,97
506,2,Rebecca Hayes,shawna01@gmail.com,+%%G8WIp^G,989-541-5104x06608,block,58
507,1,Tonya Turner,brian04@wiley.info,V0G5%R1c^1,276.496.0121x29042,block,50
508,2,Kenneth Brown MD,monicabrown@yahoo.com,!1g6Y0Guq3,+1-680-230-3209x84671,block,36
509,2,Robin Patterson,tandrews@farley.com,&5LPOdwiYd,664.782.3170,active,88
510,1,Eric Ford,beth34@walton.org,(CJRfVd%_0,001-638-806-7615x3180,active,188
511,2,Stephanie Decker,bward@nixon-nichols.info,%kEzOFd++3,546-560-0453x176,inactive,174
512,2,Dominic Frazier,bgriffith@yahoo.com,)EM#hdn$!8,(071)459-4848x57289,inactive,87
513,1,James Howell,kelly52@hill.com,J&vA1tLb43,(405)587-3907x89032,inactive,22
514,1,Marie Johnson,ashley51@gmail.com,%oAI23q0s5,891-535-2210x10603,inactive,38
515,1,Lori Baldwin,samuelsmith@yahoo.com,S*6Xp3BD9g,109.105.3156x9947,block,83
516,1,Shawn Hill,williamsmary@rice.info,_e^C3D4z!j,001-608-199-1743,block,111
517,1,Kayla Wood,garciajeffrey@hull.com,mI)^Y1AeJD,987.827.5679,active,68
518,1,Kevin Dominguez,rothsara@chavez.info,oW2VsR9j!_,(958)509-6729x915,active,187
519,1,Matthew Brandt,haysangela@meyer-harris.org,cTV*9Tgt!Y,(278)873-5926x4338,inactive,48
520,1,Rachel Flores,clarkesherry@gmail.com,Sm&3Byt0qT,516.313.8098,inactive,24
521,1,Danielle Reed,tmorales@garcia-gould.com,v&R6wCaBh5,3752026310,inactive,161
522,1,Joseph Sanders,valerie43@bradford.com,4&BPkVYi$Y,067-571-8598x6313,block,51
523,1,Charles Allen,lsmith@brown.biz,bfuB8Faxg),886.556.4746x771,block,40
524,2,Bryan Sullivan,stewartjames@newman.org,%yG%@+o9W2,001-759-451-8551,active,12
525,2,Casey Foley,hbuchanan@gmail.com,J#+49cIgr*,443.268.6413,active,73
526,1,Kelly Burch,flynnsteve@hotmail.com,!jwJmoa9k4,099-628-1054,block,77
527,2,Maria Jackson,davidsherman@fleming.net,##Zv0XAo^&,+1-640-217-9671x59860,active,89
528,1,Daniel Butler,bryanttonya@jackson.com,#NAME?,224.985.2264,inactive,63
529,1,Stephanie Smith,dobrien@gmail.com,F$8lT%Gd(!,038-882-3301,inactive,129
530,1,Patricia Kim,iallen@harris-snyder.com,xV@706TmC^,844-708-4464x20782,inactive,82
531,1,Bruce Johnson,jenniferrodriguez@peterson.com,&24D8v$Uog,(152)535-0172,active,190
532,1,Jeff Hoffman,daviserica@hotmail.com,1(l1&zPmJc,053-241-3864x908,block,141
533,1,Christopher Martinez,katherineberry@griffith.info,)RaQZXzP_6,2511030696,active,58
534,1,Dr. Gabriel Gonzalez PhD,weavercraig@gmail.com,dN8hUljh%+,7803502849,active,141
535,2,Ralph Webb,zcline@hays.com,La2TD#lw)#,001-059-182-6340x3700,active,9
536,2,Kari Gill,salinasdevon@collins.org,hf8LhFcjs&,001-172-210-0482x20207,active,110
537,1,Christina Smith,xhenderson@caldwell.com,L6)41PptXL,+1-699-809-1264x5039,inactive,73
538,2,Larry Rios,jeffrey92@gmail.com,!348Aq5i)*,566-164-6029x25357,active,178
539,2,Eric Herrera,justinaguilar@yahoo.com,qbXs%&Z(&2,+1-653-756-5556x9404,active,6
540,2,Gail Jackson,amber24@hotmail.com,17EZ^^iK^V,001-531-225-5108,block,100
541,2,Jessica Wilson,rangelamanda@gmail.com,#V+#6Iqk4U,-4415,active,90
542,1,Perry Jones,egross@garcia.com,+AyEAA)F6h,001-538-011-9985x398,block,150
543,2,Mariah Espinoza,paulphillips@hotmail.com,#JZb*ARvM7,074-205-8291x858,active,200
544,1,Dr. Robin Morales,jeanettelittle@roach-irwin.com,GOv1IqOj4@,882-464-0250x713,inactive,110
545,1,April Gonzalez,crystalmartin@gmail.com,O5F8X^Jg@6,001-586-185-4106x4650,inactive,80
546,2,Taylor Perez,gordontyler@yahoo.com,W2Z0dsAi6#,(907)407-5004x05049,block,83
547,1,Benjamin Mcdowell,faith50@gmail.com,NOhSH5Wr@0,(868)967-2679x43628,inactive,90
548,1,John Thompson,michael29@gmail.com,d#&D8CPjuW,+1-353-451-8697x409,active,88
549,1,Patricia Frederick,brooke59@donaldson.biz,b^3YG8yrz),9489080456,active,108
550,2,Michael Ford,farrelldouglas@lewis.org,_86FbUMo^U,844-129-5717,active,168
551,2,Sabrina Berg,vsawyer@gmail.com,0UGOGJop%1,001-580-959-2751,inactive,110
552,1,Jonathan Ellis,lshannon@yahoo.com,w9_BmnxS(l,151.547.8016x2918,active,153
553,2,Joseph Brown,cassandracole@wood.com,I5)RtOe)%z,549.730.4691x6277,inactive,36
554,1,Chad Clements,nicolegarcia@avila.com,_w0sjYhps@,(810)149-6898x753,block,88
555,2,Marcus Jackson IV,raymondtaylor@yahoo.com,AdBRTsFt*2,-3955,active,142
556,1,Jordan Cruz,todd08@gmail.com,w9uDItEl*m,582.460.2120,active,91
557,2,Sarah Parrish,qromero@yahoo.com,^29)Rk+5&D,001-044-521-1202,inactive,75
558,2,Jeanette Esparza,scottshelton@yahoo.com,M8Zk9Vt8p!,(182)952-6917x6030,block,116
559,1,Erin Lewis,yperry@yahoo.com,&c(!4HzvP9,471.164.6370x8936,active,92
560,2,Todd Ramirez,susangriffin@ortiz.com,nz0ZRYst$o,(029)490-4915x5473,inactive,127
561,1,Hannah Moody,adamstiffany@hotmail.com,BA19Pq0If),863-946-2278,active,54
562,1,Sharon King,william70@pham-jensen.info,%1PkK5GwBD,+1-592-133-0112x7218,active,110
563,1,John Anderson,mitchelllisa@gmail.com,+OL)Zzn3@0,3011182062,active,84
564,2,Gabriel Shaw,shanewagner@warren-medina.com,H6S%39lg+A,7640828412,inactive,4
565,2,Jeanette Alvarado,zwilliams@martin.info,X3H*r9EdN&,(894)745-7826,active,65
566,2,Jeffrey Olson,claudiacurry@serrano-roberts.biz,@2+GW*sA!X,+1-740-945-0845x21088,block,175
567,2,Ross Chandler,zyoder@gmail.com,X3AuX**1+),120-628-7439x093,inactive,180
568,1,Charles George,kimberlyblake@zamora-craig.com,!4MoS9Ob#j,+1-961-904-0057x23859,active,134
569,1,Maria Johnson,patrickcarter@gibson-schmidt.info,$lJCTJQw8V,515-622-5189x695,inactive,71
570,1,Steve Wilkinson,faithgibbs@small-hawkins.com,#CEuNBDg0s,+1-091-078-1852x6001,inactive,112
571,2,Lisa Chavez,jensencheryl@fox.com,ka00PX6p9(,377435688,block,186
572,1,David Gregory,kimberly60@hotmail.com,7UO3Ol4kP*,+1-068-324-2007x936,block,170
573,1,Monica Norton,karen22@mccoy.com,&V5+EBLh3B,9755949263,active,180
574,2,Rebecca Gonzalez,nolson@wright-stewart.info,wg#k@AVi$2,+1-172-696-7223x706,block,71
575,2,Christina Miller,grahamkayla@hotmail.com,Qx!4)QAg+%,942.684.4505x70474,block,168
576,2,Gary Ramirez,rhodesmary@smith.com,dFbViNFW@8,(110)785-4977,block,55
577,2,Jennifer Phillips,lambleon@hotmail.com,e&6jbAKkCr,001-284-813-1100x310,active,89
578,1,Brad Romero,monicarogers@gmail.com,$+Qm%@Tv(7,(042)744-4650x6114,block,94
579,2,Troy Lee,zpadilla@frye.net,x1GPZEgh_o,125.367.7344,active,133
580,1,Colleen Harris,yfreeman@gmail.com,(7PLekvDjO,8463732473,inactive,123
581,2,Debra Smith,lewismatthew@hotmail.com,Ac*0GKpQmA,102-333-6945x381,active,117
582,1,David Gates,sbaker@yahoo.com,e(ViP9Qh%p,-7956,active,87
583,1,Ricardo Shaw,sheilaswanson@stark.info,n_GR4AGqKP,(427)672-0432x58703,block,71
584,1,Dustin Cooper,carlosharrell@bean.com,EblLUA2m(9,312-370-3262,active,22
585,1,Claudia Haynes,lauren82@gmail.com,28)CEKBi!1,001-243-422-2156x678,block,181
586,2,Shannon Goodwin,evan70@ho.net,#I0ELj&RVo,(081)378-4642,inactive,53
587,2,Lisa Cummings,ssmith@watson-charles.com,*ZZwoD^n)7,-6661,block,18
588,1,Danny Walker,christopher16@yahoo.com,*5+V84a3Vi,(468)170-7913x1395,active,44
589,1,Victoria Miller,crose@hotmail.com,_1ElBHbk#6,199.601.6012,inactive,44
590,2,Heather Carroll,jdunn@simon.com,nt$1AayIK1,001-803-360-3235x91174,active,96
591,2,Alexis Hughes,zkelly@yahoo.com,&C6@BjtUJ+,001-916-324-3199x368,active,190
592,2,Mikayla Barrera,millsbrent@garza.com,O%67NgNs26,+1-468-585-8785x3002,active,5
593,2,Ryan Olson,robertsrandy@villarreal.net,^ZJH33Gr55,(046)374-0696,active,200
594,1,Bradley Jones,david70@glover.com,^cj6KGje7i,125-203-5869x175,block,135
595,1,Diane Crawford,kylebennett@yahoo.com,__8AnqC2(r,-5183,block,182
596,1,Allison Thomas,cheryl91@johnson.net,7u7HFugN&9,230.982.9600x901,block,199
597,2,Taylor Maxwell,heather70@wilkins.org,@&O0M4Gk4h,-3019,inactive,169
598,1,Brian Matthews,rnielsen@morris.com,V%h6vGXz$h,344.292.8242,inactive,194
599,1,Sean Brown,mitchelljennifer@james-williams.net,O2T*JKh5+2,001-618-628-1398x17121,active,190
600,2,Phillip Steele,joe80@yahoo.com,)_SJs5Gs3k,001-008-180-0772x19501,active,1
601,2,Steven Davis,vmann@hill.com,b^1TsBl%lW,+1-232-420-1115x264,block,4
602,1,Michael Barajas,ylewis@hotmail.com,)qJ@nYis6x,+1-518-447-7062x95269,active,36
603,2,Jack Bray,qrios@gmail.com,)q5KF0lth%,001-634-534-6922,block,82
604,1,John Williams,kpope@gmail.com,5@5PZ*Iy#5,349.176.0991x046,active,4
605,1,Matthew Woodward,cliffordrodriguez@hotmail.com,#FU0I$DwbE,620.698.6908x07041,active,54
606,1,Jamie Brandt,lisamartinez@gmail.com,x81YPeWR+J,-4878,inactive,141
607,2,Jeremy Cooper,gaydawn@graham.com,%7bebFJw7I,+1-937-406-1344x31619,inactive,195
608,2,Richard Lutz,deanna22@perez-gray.com,+8y@QJPq2U,+1-190-576-0824x60507,inactive,35
609,2,Jose Brooks,urobinson@yahoo.com,OM#!kiTz@5,750-096-5296x1428,inactive,5
610,1,Joshua Hooper,nguyenholly@nichols.com,@O5ZE8Qg3^,997-310-7684x0538,inactive,38
611,2,Linda Howard,danasanchez@long.biz,CZ1vL1Ga0#,001-031-688-3035,block,177
612,1,Debra Peterson,patrickgarcia@hotmail.com,1Ygxp1b@!+,(932)149-7814,block,144
613,2,Stephanie Wiley,pierceryan@sellers-clark.com,inz_8KkdcM,+1-857-910-8322x435,block,182
614,1,Amanda Walton,zhill@yahoo.com,48GUTJ&f+Y,292-888-6478,active,47
615,2,Neil Rodriguez,schneiderlori@wagner-chandler.com,_8VWq^dkgN,1741192896,block,180
616,1,Jason Gutierrez,yherman@yahoo.com,&*2)!XSu(X,962.692.1009x15713,inactive,179
617,2,Sheryl Vargas,ljoseph@yahoo.com,%dMxS$@t^4,493.427.8825x82313,active,42
618,1,Amy Larson,jamesfoster@hotmail.com,*7ZKgVjE&o,(826)118-4258x452,block,159
619,1,Brett Brown,debbie73@hotmail.com,@0PHpaky5@,2715683755,inactive,89
620,2,Christopher Mitchell,utorres@hotmail.com,s!2F@qRLU!,212-051-1589x07333,active,52
621,1,Deborah Snyder,pfreeman@hotmail.com,dA0x#Ar4%e,315-841-6734,active,35
622,1,Noah Tucker,amanda29@schultz-manning.com,*X9UIgePfZ,-3651,block,38
623,2,Jessica Rollins,sheri82@yahoo.com,!k2PeHoAAT,(638)019-7900x099,block,99
624,1,Stacey Bullock,zachary39@smith-james.net,TNVO7Uex!_,449-620-7988x4241,active,172
625,1,Elizabeth Johnson,jvilla@hotmail.com,sr1I6Skl#P,001-112-643-2050x09624,inactive,102
626,1,Jessica Martin,allen28@yahoo.com,+w$E1Akvnb,794.810.3024x9854,inactive,87
627,1,Stephanie Andersen,hillnicholas@foster-mclean.net,H1Fx_7zm!t,(055)985-7715x950,inactive,77
628,1,Alexander Conrad,nunezlisa@gmail.com,+1GA@7unO%,+1-098-344-3668x12387,active,146
629,2,Monique Ward,ashley27@yahoo.com,vM2E$y8sn@,685.341.7514,active,39
630,2,Billy Diaz,dianagonzalez@oliver-walker.org,8_abM5ow%k,(063)624-2412x94201,active,198
631,1,Danny Clark,justinmorgan@yahoo.com,^KbDJ0ZmF6,001-105-490-0899,active,55
632,2,Debra Clark,morganemily@gmail.com,i+L6cxUaf*,087.574.4920x867,block,10
633,2,Marcia Kelly,kevinjohnson@gmail.com,rlI8W8u@*o,(603)333-4742x9408,active,97
634,1,Angel Jackson,gibsonamy@hernandez.com,b^9j#yZ02m,(821)495-6711x517,inactive,167
635,2,James Williams,jmitchell@gmail.com,^3SWr$yKOk,354.417.5760,block,29
636,1,Richard Gonzales,donna90@williams.org,@8N8BYMfz5,(128)790-1254x59407,inactive,64
637,2,James Stevens,dmarshall@gmail.com,lr@9M3Gr#^,376-026-1784,active,159
638,2,Ann Bautista,davidgeorge@gmail.com,r35U^gZe^L,302-409-5831x356,block,44
639,1,Amy Parrish,ycameron@rice.com,T6p3@UIr@C,021.269.5901x1697,inactive,142
640,1,Amanda Robles,sheilawhite@hotmail.com,B86#J@mB!A,307-786-4010x3215,active,14
641,2,Jose Green,adamsrobert@gmail.com,0HWNks!2(J,326.314.7633,active,25
642,2,Carl Ball,flemingmichael@yahoo.com,sDt+!3CvTY,660.384.5597x927,inactive,87
643,1,Samantha Whitehead,mooredavid@yahoo.com,!8OAPkEE*x,293.096.7359x141,inactive,147
644,1,Juan Hancock,awells@perry.net,Omj!O7IhQi,228.989.9305x4998,inactive,43
645,1,Stephen Lee,walkerkatherine@graham.com,rB0RbLlr(T,810.662.7620,inactive,105
646,2,John Morton,amber83@hotmail.com,v$iVBg_8!3,630.741.5595,active,26
647,1,Gary Perkins,brownseth@fisher-rogers.com,#7GaPKqYap,590-892-3429x202,active,65
648,1,Kevin Alvarado,csanders@roy.com,g3s8XDSa^V,+1-330-998-4683x19956,inactive,197
649,2,Kim Cummings,garciabenjamin@terry-martin.com,3Bx*%ucg+2,883-638-9801x7382,block,15
650,2,William Phillips,fthompson@forbes-washington.com,@!8Wv@(rpP,001-776-158-1315x484,block,160
651,2,Jasmine Trujillo,michele44@yahoo.com,*F8*FNi&n_,-8193,block,190
652,1,Luke Martinez,ismith@osborne.org,%v_Eoshs)1,001-263-297-7083,inactive,124
653,2,Laura Torres,robertblack@gmail.com,j&Iiaitc@0,001-729-090-5102x22087,active,11
654,2,Sarah Martinez,anthony80@yahoo.com,&k388NKk4m,001-600-296-9114x58692,inactive,29
655,2,Dr. Shawn Garcia DDS,ymercado@garcia-lopez.net,02oYGapx$#,721.887.7157x0930,active,191
656,2,Karen Davis,ogregory@gmail.com,*9#fq1CgB8,(353)037-7890,inactive,41
657,1,Tyler Campbell,molly22@mitchell.net,dm_d0B2l*w,5805097107,active,195
658,2,Jose Frederick,rwhite@miller.info,v8DVRqpZ$u,001-588-663-1560x51901,block,81
659,1,Kimberly Avila,tammymeyers@yahoo.com,kvQ#rb)!$4,175-045-3762,active,116
660,1,Katherine Vargas,dbradley@hotmail.com,!eYj8HHw!_,487-763-4237,block,168
661,2,Alyssa Hernandez,prodriguez@yahoo.com,Ju$+0N*jCt,213.853.8456,inactive,166
662,2,Jesse Harrington,jeremyelliott@washington.com,(!^p3oif2V,+1-097-749-8782x9815,block,136
663,1,Todd Deleon,ryanedwards@gmail.com,_0P(5OGyFP,491.756.1892x61347,inactive,98
664,1,Kristy Gonzalez,lawsonlinda@humphrey.biz,_qPH6zXmF*,(502)854-1926,inactive,60
665,1,Jared Austin,darren86@yahoo.com,)P_MySKm4k,295.164.3192x534,active,153
666,2,Sara Tran,jgraham@hotmail.com,4+6NCvTcRz,361-402-6013,active,16
667,1,Erica Miranda,rebecca90@price.info,Khe8YJ4sX!,143-588-9523x170,inactive,34
668,2,Rebecca Orozco,jessicale@yahoo.com,9ceUTg0T#^,+1-046-289-9824x324,block,192
669,2,David Robinson,watkinsjohn@gmail.com,@1+1RM6ahm,890-079-7265x322,inactive,154
670,2,Scott Smith,hamiltonmichelle@lyons.com,#5RY*cxjJt,(003)885-7817,active,75
671,2,Holly Howard,brendawilson@hotmail.com,w8L#_Uqe@v,+1-056-755-9157x47378,active,93
672,1,Cathy Little,jcombs@wood.org,%pM%2Fy6+I,(867)981-6746x79130,block,158
673,2,Mr. Steven Sheppard,dawnbailey@miller.org,#ZiOIMsyx5,075.067.1302,block,106
674,1,Cynthia Johnson,jennifer15@hotmail.com,Pk$Y3Ztb6$,001-721-156-1534x165,inactive,46
675,1,Jesse Allen,ymacias@hotmail.com,_g3FNnzQm),610-902-6121,inactive,112
676,1,Debra Cain,keithperkins@reed.net,!5oIPCn+*a,886-324-2482,inactive,71
677,1,Tracy Holmes,haguirre@gardner.com,%0DelaZ_09,(436)232-1611,inactive,146
678,2,Anthony Thomas,woodardbradley@ellis.com,R3xsGhkv&(,+1-492-339-5505x9031,inactive,15
679,2,Theresa Rogers,jthompson@lopez-gilbert.com,1XmP+3Wx)@,001-423-603-2013x241,inactive,91
680,2,Jacob Ward,zcook@chandler.biz,lMiEKjmj%7,547-603-7168,inactive,94
681,1,Jessica Hensley,bridgesmary@wilkerson.com,@#r97aLmn7,334.506.9674x9086,inactive,87
682,2,Allen Price,david67@gmail.com,3phOg7W5*a,001-109-292-8967x317,block,90
683,1,Christian Franklin,debrafranklin@yahoo.com,_&0UbR$Jv1,552824308,block,16
684,2,Stephen Dillon,deancarolyn@yahoo.com,yU3sBxn^%#,166.910.8581,active,47
685,2,Jordan Webster,dhenderson@wilson-king.com,^A2ROegqxu,(734)065-5828,active,121
686,1,Mrs. Candice Bauer,nguyenamy@mendoza-cochran.org,Z3Vcm+$K&&,001-906-355-3642x9016,active,86
687,1,Kathryn Davis,alexanderpowers@edwards-green.net,MFBi#1Qh$g,(646)698-0730x177,inactive,17
688,1,Jennifer Mitchell,gerald79@ruiz-chandler.com,t3Sg3lZh&_,001-691-683-1169x2618,block,119
689,1,Jerome Jackson,perezjamie@wilson.info,a2X0sAxF^F,001-574-610-8717x5129,active,137
690,2,Heather Boyd,justinmosley@grant-hoffman.info,%k9P0cu1G7,511-289-9907x449,block,180
691,1,Donald Murphy,tbarrett@dean.com,I2xoEJtI$2,001-002-561-0644x15697,block,165
692,1,Jennifer Romero DVM,alexisrichards@hill-fox.com,@k0&AzXh90,(379)730-4835,active,191
693,1,Michael Lloyd,amberrodriguez@gmail.com,#g2p1VMmB_,001-333-002-3904,active,180
694,1,Sharon Porter,mtorres@farmer.com,@2JkRd@$iC,+1-415-866-1329x473,inactive,109
695,1,Wendy Jones,robertpham@williams.biz,0c29G_PaH(,001-115-756-2769,active,188
696,1,Austin Clay,arnoldwilliam@yahoo.com,M728YivJ$%,(795)905-2974x6329,active,49
697,2,Derek Boone,joyballard@yahoo.com,_8)QurES&2,001-687-336-3615,block,91
698,1,Ellen Kramer,tracy62@macdonald.info,T&4Q)ki_6x,460-125-0240x930,inactive,144
699,2,William Stephens,nyoung@yahoo.com,Uj6VY0*xh#,001-591-317-0254x041,block,118
700,1,Dana Richardson,benjamin15@yahoo.com,%GDmlV6IF2,001-797-689-6722,block,25
701,2,Tracey Jones,scottgreen@yahoo.com,xkd0EfnPu_,(924)192-4276x699,active,176
702,2,Michelle Ingram,estanley@brown.com,#2Y9g@mMvo,001-387-466-1657x77786,block,162
703,1,Michael Lopez,shieldscarol@yahoo.com,#1HlM@qT0*,(082)210-4476,block,32
704,1,Michelle Thomas,julia60@gmail.com,2H0NIRiF#_,(452)204-4895x545,block,161
705,1,Karen Smith,flucas@watson-velasquez.com,_y9!09Wwsq,418-323-9584x5435,active,186
706,2,Charlene Drake,gpowers@hotmail.com,Lc(+4JMrtC,880.942.2231x282,inactive,44
707,1,Kathleen Oliver,nicholasmcdonald@ford-cain.com,iN7a1XhD@$,853-317-1526,active,48
708,1,Catherine Gomez,oconnorkathryn@yahoo.com,@39AWJudFx,011-514-3756,active,4
709,1,Paul Haas,hpatterson@gmail.com,V%0Cjd5cF+,046-344-6500,block,188
710,2,Brian Dunn,jennifer43@yahoo.com,#ZGvZzc331,-7089,active,60
711,2,Debra Ryan,emilyweeks@hotmail.com,4bKTB7qu!7,+1-648-683-4478x55407,block,90
712,2,Nathan Jackson,carlosprice@carter-smith.org,45#7)Q$aL2,420-489-8865,inactive,124
713,2,Perry Lam,gabriellesmith@cox-randall.com,ID8r2Qrc(l,575.193.0681x85939,block,142
714,1,Paul Gonzalez,moralesfrank@gmail.com,(HAC6fT!28,001-646-569-9355x34584,block,147
715,1,Alicia Norris,christopherrivera@gmail.com,_8A1)PasN$,530.232.5532x2225,block,197
716,2,Ashley Russo,brandtashley@bell.org,!a7Efx1Ub3,001-364-329-9297,block,193
717,1,Jennifer Harrell,billyfleming@hotmail.com,_aQ1eEZv2M,(879)014-2464x689,active,67
718,1,Joan Wang,amartinez@taylor-lee.com,%uBJDu93^8,170-516-7757,inactive,193
719,2,Chad Leonard,joshuawhite@jackson.com,b!4HY2v56I,(153)051-5926,active,162
720,1,David Russo,lori70@yahoo.com,(EH9BMv73^,993.857.7551x872,inactive,104
721,1,Andrew Pearson,cheryl63@martin.info,#59hPocxuA,931.786.5302x20249,inactive,89
722,2,Stacey Johnson,mquinn@reynolds.com,IG%mcZuO*0,001-178-064-8820x6791,active,133
723,2,Donna Wilson,turneremily@jackson-harris.net,&i4d3Yi41D,976.329.8652x0981,inactive,108
724,1,Dr. Timothy Baker,cwilson@clark-beck.com,iZNv&eWz*0,757.187.3100,active,129
725,2,Joshua Carter,krausederrick@cole-stuart.com,8@0TR%3pLt,(828)568-6832x427,inactive,151
726,1,Adam Serrano,lauren37@gmail.com,!yP9ym0b)3,252.498.0702,active,158
727,2,Gabriel Fernandez,michael51@ortiz.com,*l+iOWy65@,264.204.1859,active,163
728,1,Ryan Moore DDS,james06@rodriguez.net,Z5*Qwa_N_y,(937)948-8141,active,162
729,2,John Marks,johnsonjames@cox.com,+9j(WbwA#c,864-044-1193x380,active,169
730,1,Michelle Cross,anthonyreynolds@singh.org,(DLutJ9f1w,152-935-2207x1253,inactive,46
731,2,Patrick Myers,vbarrett@yahoo.com,lE88OGBbF@,001-766-476-3450,active,184
732,1,Linda Hayes,daniel25@hotmail.com,lXg!9DWp8+,001-332-228-7559x680,block,75
733,2,Brandon Hopkins,cadams@richardson.com,D4HQl4o9($,001-874-317-8663x4358,block,111
734,2,Andre Sims,ljohnson@gmail.com,O8GuPNlF(k,259.696.7339x90408,inactive,126
735,2,Amanda Hernandez,pittmanrobert@powell.com,(&129MoO^S,461.915.5593,block,200
736,1,Heidi Perez,rogerstracy@gmail.com,__3eMYYlg6,110.917.8549x7625,inactive,141
737,1,Larry Estrada,josephmurphy@gmail.com,a@v3J$gul2,001-585-734-7892x577,active,49
738,1,Laura Ingram,danielfry@fuller.com,n0AwVKew!5,688.632.4837x132,active,113
739,2,Ruben Jenkins,michaeltodd@yahoo.com,n7wzMDTr@D,(838)357-1828x775,active,115
740,2,Mr. Joshua Johnson,markrussell@barton-taylor.org,hxo63Lx^$a,(849)481-5693x30275,block,81
741,2,Michele Alvarez,monica00@gmail.com,^_^g9PLZ+y,749.162.0976x83802,active,142
742,1,Joshua Carlson,vmiller@hotmail.com,_Wm0A%o(85,354.351.6111x374,inactive,37
743,2,Michael Miller,ilam@sullivan-miller.biz,ew6qJuJT3),6146592587,active,32
744,2,Jennifer Wood,chodges@johnson.com,n!1AAVHkjc,671570438,active,194
745,1,Dr. Ashlee Clark,therrera@vazquez.info,@LNvPAhn0f,8279620430,active,115
746,2,Edward Huffman,wjackson@gonzales.info,#35RBtor8K,609.081.3471,block,49
747,2,Sandra Evans,johnsongerald@wade.com,rh0iKZme@y,001-230-995-3527x183,active,161
748,2,Larry Simmons,josephlopez@harper-bailey.net,WJ669Jxb$),001-911-858-5191x5278,block,56
749,1,Tracy Lang,christine07@hotmail.com,!6XYNUVpRD,651.614.9377,inactive,3
750,2,Philip Williams,adam19@hotmail.com,6qHAjlQ1+1,7809750259,active,173
751,2,Adam Winters,vsandoval@gmail.com,5o(09BwW^E,357-379-3844x0073,inactive,116
752,1,Eric Davis,marquezvernon@yahoo.com,x!rQ4+DlIE,862.787.4973,block,27
753,1,Austin Brown,oliviahall@campbell.com,_LzCTMXyU9,(628)202-4928,active,113
754,1,Caroline Beard,scottjohnson@yahoo.com,O)4LU#n8^j,(178)659-2314x9018,inactive,161
755,2,Gail Sweeney,lauracamacho@chavez.com,@9PwqLwnKc,800360929,inactive,129
756,1,Mandy Melton,michael03@hotmail.com,^25uWbu^%9,224-119-3516,block,136
757,2,Edward Dominguez,ramirezemily@hotmail.com,i_1DAT7pWx,(738)232-9409,block,133
758,2,Christina Greene,eharris@hotmail.com,M)N6V2dMnM,774.573.2593x06248,inactive,11
759,1,Steven Roman,abigailcampos@gill.net,!2)w5BUw(6,(120)664-2199x7293,active,66
760,2,Fernando Sanchez,rpace@gmail.com,oT4U9St@#*,(178)395-7738,inactive,3
761,2,Shane Williams,daniel82@white-keith.com,&Y6R2NdD@5,407-212-1473x984,block,151
762,1,Judith Mendez,qrice@gmail.com,#NAME?,818-100-8353x6445,active,98
763,1,Kenneth Harrison,hschultz@gonzalez.com,!Xo1@7Jp_2,861.080.6160x9523,active,175
764,2,Kari Stevens,patricia38@yahoo.com,5)E^p56d%Y,(110)165-7215x105,inactive,138
765,1,Sarah Jackson,michael61@riley-richmond.com,!3G_XbS1*H,616-015-2392,block,53
766,2,Michael Holmes,coleana@hotmail.com,T@88vV1j8w,079.818.1322,block,191
767,2,Denise Barnes DVM,cathykidd@ho.com,$7TyD+!!Xu,001-403-220-2289x413,inactive,71
768,2,Kristin Miller,andreawilliams@gmail.com,8MaWAHiv)!,+1-557-063-2998x45914,active,5
769,2,Jacob Shelton,andersonjeremiah@yahoo.com,n8By%u+O(7,748-253-6548,block,129
770,1,Kristine Hernandez,torresmichelle@yahoo.com,$&kxSqpr)8,6774561539,inactive,10
771,1,Cindy Becker,hickmanpaula@fitzpatrick.com,m5EM2K5x(r,971-003-9358x01040,inactive,12
772,2,Jason Gallegos,walshabigail@jensen.info,)vPxoEdd6o,697-337-8428,block,85
773,2,Erin Hendrix,jross@hotmail.com,YODt9FbR(@,(157)124-1303,inactive,57
774,1,Jessica Davis,kedwards@yahoo.com,YmM+G6Br4V,798.733.6808,inactive,57
775,1,Courtney Johnson,fullerthomas@bryant.com,u$_p5Bp@F%,252.166.9688,block,154
776,1,Nicholas Morrow,gflores@hayes.com,s_1YRvBqxg,981.428.5123,active,73
777,1,Laura Kelly,michaelshaffer@bradford.org,@n3Y@^if3),739-549-5245x188,block,101
778,1,Dale Orozco,brentmurray@robinson.com,S2U0e5Zb+x,049.909.7461x120,active,146
779,1,Sierra Schneider,rachael28@burns.com,+M3aXIVb4@,+1-873-563-0401x70948,inactive,24
780,2,Andres Fields,brittany14@smith.com,(W2CEiOtDo,+1-147-571-6135x19562,inactive,62
781,1,Theresa Hernandez,gregorydawson@yahoo.com,!I8QPZp3r5,001-589-073-4717x102,block,62
782,1,Melissa Turner,ayalacarolyn@gmail.com,(q4R)&ExCr,6515031534,block,198
783,2,Randy Davis,daniel20@gutierrez.com,0n)i0sOwMR,+1-592-884-2261x2698,inactive,31
784,2,Eric Mckay,marc99@yahoo.com,Sr#Z^7Xkhc,(020)956-3620x51633,active,176
785,1,Robert Perkins,gsosa@tucker-tucker.com,_)7VU6ip^L,327-791-2397x33964,block,66
786,2,Brittany Nixon,colemanantonio@johnson-rivera.com,!t&9tOfY^i,305-956-2677,inactive,24
787,1,Lydia Lewis,tbernard@reed-lucas.net,W)+5MNKslq,776-586-3090,block,45
788,1,Troy Smith,ramosvirginia@gmail.com,CsLKSr1U*6,+1-183-446-4299x7485,inactive,101
789,1,George Fernandez,cody89@gmail.com,H$me7QxYn8,436-926-6706,active,156
790,1,Angela Mckee,williamsmichele@yahoo.com,04F(5vem&@,001-606-221-8445x936,inactive,176
791,2,Michael Perez,ericksonjoshua@yahoo.com,_zP%Gl*(Q6,057-621-4363x185,inactive,125
792,1,Tracy Jones,ihart@hotmail.com,1$_7dJlBgE,-8705,block,86
793,1,Edward Wolf,caroldiaz@whitaker.net,@826TdbVN1,-1556,block,119
794,2,Donna Garcia,lindafoster@ryan.info,$1EE@lDzMK,630.875.4994x64371,active,21
795,1,Scott Watson,richard49@walker.com,B!lrxXPm@5,294-026-4884,block,70
796,2,Isaac Carter,johnwise@gmail.com,*VGsgX@hn7,(350)355-8266x554,inactive,147
797,2,James Bradley,kaylathompson@yahoo.com,De!NXb0T!1,955.043.8479x5522,block,94
798,1,Jordan Raymond,fcosta@hotmail.com,*b1HTsHfJ3,(433)556-2699x67269,active,49
799,1,Calvin Welch,johnsonbrian@gmail.com,9iFQ$Oj3*3,134.491.8474,active,3
800,1,Courtney Moore,aowens@gmail.com,p3YY_S2p_8,008-040-9445x5261,block,13
801,2,Heather Hall,garymata@gmail.com,+1PLADmH6E,001-321-172-6840x06609,block,85
802,1,Antonio Powell,mfloyd@gmail.com,8(_u*Kk_)s,(459)789-1476,block,107
803,2,Robert Gilbert,macdonaldbrandon@smith.net,32Zt!NjX*s,836-060-6990,inactive,72
804,2,Karen Campbell,dlawrence@chapman.com,v%R6Br0%%*,(259)397-6356x218,inactive,49
805,2,Jason Valenzuela,kcervantes@hotmail.com,qz7eoBcGu&,001-825-179-6846x847,active,87
806,1,Austin Deleon,andrea41@hotmail.com,X3ICDjSu*1,836.152.5751,block,18
807,2,Amy Bird,benjaminrobinson@gmail.com,D^Qq3EWo6h,+1-059-829-5024x6773,active,187
808,2,Wayne Powell,dorothy41@bond.com,*MX8R6adAu,(256)419-2221,inactive,191
809,1,Shannon Harris,nathanielreyes@sanchez.com,$I$@+6Lk89,(941)450-1475x0790,active,77
810,2,Brenda Garner,iadams@smith-francis.com,80eUCKkx(r,(554)567-5318,active,188
811,1,Cory Peters,rowepamela@garner.net,WkK9sq(9_3,177.926.7837,inactive,193
812,2,Bryan Jackson,adam54@brown.net,I(uZu7Jh&9,(470)058-9313,block,18
813,2,Steven Kelly,elizabethbarnes@hill.biz,kz^4K)rxe*,438.455.8301x860,inactive,139
814,2,Kevin Smith,josephmccann@hotmail.com,32bSx^M*#u,-11094,active,126
815,1,Mrs. Tanya Collins,coxjennifer@torres-leonard.com,6bUns4Vm_Z,+1-678-335-6971x4473,inactive,99
816,2,Margaret Lara,debra75@nielsen.com,d07wB+&b@a,959-857-5919x49744,block,147
817,2,Shannon Davis,wandapena@smith-russo.com,x3I5XWBs*e,735.661.1811x4413,active,189
818,1,Judy Ford,michaeldavis@jacobs.com,Q6PWdHjS+8,(856)586-3107x87818,block,70
819,2,Larry Banks,brookstara@gmail.com,LfvzfVmR)2,354.028.2178x28715,active,27
820,2,George Shelton,shogan@moore-gonzalez.info,vCA^N5Kils,2174869583,block,90
821,1,Lindsay Torres,ngonzalez@garcia.com,Yc7Ydoj2^),-9743,inactive,119
822,2,Jeff Cole,wconley@perry-sims.com,sj4Qz6Ac@#,001-223-090-0791,block,62
823,1,Ryan Shaffer,cheryl33@gmail.com,H^34++!nnK,975.432.5457x8092,inactive,126
824,2,Joel Johnson,bryantcynthia@lopez.com,%&G5FuQaeY,972.992.9193,inactive,89
825,1,Tammy Gomez,ystephenson@gmail.com,(n6%PAoTI7,(919)706-6361x515,inactive,22
826,2,Briana Johnson,robertortega@tapia.com,iw1H9V2Kc#,(940)930-0559x89829,active,190
827,1,Laura Graham,fuentessherri@davidson.com,w+I2Y1T!Tg,+1-486-130-6377x80400,active,25
828,2,Mary Benson,nancybell@miller.com,$I6JjVO144,(173)660-1895,active,102
829,1,Joseph Johnson,rubiomia@robinson.com,k8p3IvGi+*,(283)652-7721x947,active,149
830,1,Steven Johnson,aguirreshannon@yahoo.com,m)Whm*Gd&7,459-961-2868,block,78
831,1,Matthew Powell,amy91@yahoo.com,f1&6Mf!+l&,387-062-3037,active,108
832,2,Tracy Sims,ujimenez@hotmail.com,w#$%1SvhXv,(836)357-9469x78823,active,182
833,2,Robert Adams,ratkinson@may-montoya.com,n42zWpJk^0,042-935-7906x855,active,73
834,2,Caleb Lynch,charles92@shaw.net,iHV4NLld%Y,841-796-8995x73039,inactive,57
835,1,Kimberly Ferguson,marysmith@hotmail.com,J5%8AWtncD,+1-671-147-9484x6468,block,153
836,1,Scott Fisher,flarsen@hotmail.com,83O(pt#4$l,001-225-034-5655x4646,inactive,27
837,1,Brian Sanchez,benjamin47@bradley.com,lcNl9*PbW&,(176)295-3892x754,block,95
838,1,Wendy Kaufman,robertsontimothy@gmail.com,@)x7Q*DgY5,+1-294-539-7835x76195,inactive,61
839,2,Adam Rivera,rodriguezjames@mcgee.com,7w)3$A$l4Q,132.713.1947x684,inactive,195
840,2,Richard Alexander,meagan34@baker.com,jtRaW^Ze+0,268-610-1048,block,120
841,1,Heather Dunn,adamscatherine@yahoo.com,fr&O8RLcVn,(461)320-1567,active,49
842,2,Morgan Davis,barias@hotmail.com,VUj0QXmZz$,+1-024-580-3455x035,active,20
843,1,Patricia Watson,meltonashley@johnson.com,6Ce6(3qiJ&,4577518902,active,146
844,2,Christopher Rangel,fcooper@hotmail.com,^n54Fw9Qq9,+1-543-350-3979x8886,block,167
845,2,Patricia May,sjohnson@yahoo.com,cz%O1Awfa^,001-486-601-4560x42669,active,186
846,2,Kristen Miller,kwalls@miller-perez.com,P^1c9IBg0H,363372968,inactive,164
847,1,Patricia Key,whitney22@hotmail.com,c73!G9FduM,(765)833-9465x319,block,154
848,2,Matthew Petersen,keithgallegos@hotmail.com,Gb!7Rqch3v,001-823-828-0582,block,26
849,2,Mary Harrison,bthompson@yahoo.com,a6&o8WdFbW,628.102.3870x257,block,39
850,1,Tiffany Brown,shawn10@gmail.com,b&%5YP+ix*,706-233-3006x343,active,148
851,1,Antonio Wallace,spencerjames@sanders.net,%9YfIQ8o3q,445.601.8084x58462,inactive,195
852,1,Cesar Ayers,sbaker@taylor.com,$W7buFJdUc,110646690,active,46
853,1,Lisa Heath,justinsalazar@hotmail.com,dt)x%K#l!3,7077774440,block,52
854,1,Tara Campbell,marquezsarah@yahoo.com,@gE!SMJm67,001-901-389-5081x3536,active,200
855,1,Carrie Irwin,alexandershannon@yahoo.com,3ku9cTug!t,034.999.9656,inactive,1
856,1,John Gonzales,lopezrobert@strickland.com,^VKVR^Vvw4,018.367.2331x80308,block,24
857,1,Julie Kennedy,ekane@gmail.com,)K0w4mGo7@,998.959.9734x79899,block,152
858,2,Nicholas Winters,ghodges@rodriguez-davenport.com,K9TVKu7p&Z,+1-817-391-8912x79709,block,92
859,2,Diana Fritz,ramirezrobin@bird-price.com,jhn3)7Eg)7,051.760.7391x5912,inactive,9
860,2,Sean Mendez,garciaalexis@yahoo.com,AywV2RLn3),069-333-8277,block,162
861,1,Jesus Lucero,diana69@yahoo.com,9#D1hMvJ!X,788.800.4942x7873,inactive,123
862,1,Tammie House,bjohnson@yahoo.com,!u5bhIMwrT,166.731.7154,active,164
863,1,Benjamin Brown,kristinthornton@gibson.com,&!3sMKds(y,(998)712-8162x87472,active,42
864,2,Jennifer Macias,matthewhernandez@hotmail.com,k1DQKsJb+!,001-506-508-8109x888,inactive,75
865,1,Raymond Torres,allenjeffrey@rogers.com,@+7X+odQ0T,(882)927-3403x862,block,55
866,1,Barbara Steele,brownnathan@walker.info,&4Pjs#z@J@,(086)256-4337x3180,active,90
867,2,William Cain,elizabeth79@hotmail.com,k54rVy(g(R,+1-243-637-2086x076,active,143
868,2,Joshua Campbell,pateljessica@yahoo.com,I#6YqNmwNZ,6010401966,active,142
869,2,Amanda Mccann,ewall@pacheco-cox.biz,+6Ufk99X4*,001-361-589-3305x367,active,161
870,1,James Henderson,hannah46@robinson.com,WW(4cWqhHR,001-061-730-0082x692,block,50
871,2,Gwendolyn Vasquez,tpaul@henderson.com,KFQXmRc_&0,090-873-0123x5025,inactive,110
872,2,Alexa Glenn,perezdaniel@ortiz.com,G)2RVeLB$p,001-040-437-5536x8978,inactive,12
873,2,Carlos Knapp,shane43@hotmail.com,&^HKNb&z9a,415.261.0720x13523,block,95
874,1,Brenda Mathis,megan21@hotmail.com,*eO@hYcNM8,045-077-3320,inactive,166
875,2,Jared Andrade,myerssheila@brown-diaz.com,tNUB&(E1%0,(903)085-3987,active,148
876,1,Jessica Hernandez,bmaxwell@pugh-hale.com,s7GLX*h8%e,4536984498,inactive,99
877,2,Beth Daniel,brownrhonda@valencia.net,y_me2Nz#ZW,6909084300,block,160
878,1,Crystal Mcdowell,brenda84@gmail.com,3hwLcwq9@T,976-184-4992x7920,inactive,98
879,1,Amy Cook,carolynjensen@gmail.com,_X6SckDmni,899-477-1274x041,inactive,166
880,2,Robin Sutton,uwilson@guzman.com,Wm0iH1Me(0,213887016,inactive,166
881,1,Zachary Browning,courtneyharvey@gonzalez-flores.biz,!qr0CbRdq0,4777244614,block,54
882,1,Mary Banks,jasmine94@bailey-ward.biz,#X3+HcjjT!,847.420.1934x0102,inactive,76
883,1,Andrew Sanchez,franciskaylee@miller.com,(2DQB2akN3,130.775.7494,active,160
884,1,James Rogers,laurenrodriguez@yahoo.com,!AUGhMw*M0,1969655694,inactive,37
885,1,Jennifer Gallagher,glenda55@jackson.com,x2UF_ASzx&,(795)244-4872,block,132
886,1,Richard Gonzales,emily98@gmail.com,*yp7SC(mnp,+1-033-478-6486x33056,inactive,81
887,1,Matthew Bright,holmesrichard@flores.biz,r$41Kdj6M(,888.362.2942,active,9
888,2,Steven Hall,tphillips@gmail.com,#r$APVmV)0,001-329-072-7343x7128,inactive,60
889,1,Lori Harper,cruzbradley@gmail.com,^8A2QuTwo#,863-668-5215,active,193
890,1,Jasmine Rogers,joseph59@hill-reed.net,U78XAhVi#i,-4261,block,193
891,1,Gavin Thomas,christopherrivera@gallegos.net,@p7$YArW%!,+1-832-882-4408x66946,block,17
892,1,Jonathan Hansen,turnerrobin@yahoo.com,%WImD2ycG5,2483783503,active,101
893,2,Amanda Smith,monica63@cruz.com,f@Y4A%cQqG,(981)041-4842x38660,active,200
894,1,Joseph Booker,rachel73@gmail.com,h+dY6AXi&V,+1-372-375-9167x18383,block,65
895,2,Margaret Ferguson,hmcmahon@mullen-james.biz,gZEmAr!A#1,001-136-184-2788x04549,inactive,53
896,1,Amber Rivera,huffmatthew@white.net,tZJ1n2Yd!6,832.507.7381,block,12
897,1,Cheryl Alexander,quinnangela@gmail.com,)D4TLZdwr(,406.616.7618x3678,inactive,31
898,1,Keith Ballard,duffychelsea@torres.com,!5!MugpPwo,57823809,inactive,81
899,2,Melissa Boyd,valerietaylor@gmail.com,w86q@I!go+,813.081.4992x9121,active,100
900,2,Dylan Carrillo,katiehansen@hotmail.com,&m_8GreUK5,3301688717,active,12
901,2,Chad Murray,james78@hotmail.com,n(A0VVBxfp,+1-856-007-7733x18068,active,85
902,1,William Montes,ramirezconnie@serrano.com,(5WTraMOmm,(620)438-8821x7343,inactive,38
903,1,Brittany Blair,kaylaking@gmail.com,R2UH_ie6%3,001-196-770-1623x5227,active,20
904,1,Patricia Barron,mbecker@williams.net,1Zs9Tv10l),(404)851-7714x729,block,154
905,2,Mary Lopez,lawrencewilliams@yahoo.com,8sLI4ByC#j,001-293-311-0356x79219,block,116
906,2,Timothy Larson,jane46@gardner.biz,$x15K1*owH,(730)995-9337,inactive,191
907,2,Joshua Turner,shelly96@robinson.com,*4I1m4tP#p,(201)690-2430,inactive,79
908,2,Caitlyn Erickson,jbradley@yahoo.com,0++98Xgi79,001-555-788-8858x5925,inactive,96
909,2,Courtney Smith,levineamy@williams.com,!6V(DcBsKl,(411)037-9449x6488,active,196
910,1,Isaiah Robinson,bcollins@ellis-leon.com,QlGx87Se*(,534-977-1535,block,131
911,1,Anthony Nash,jennifermurphy@sullivan.biz,IQK84AFc!t,718.461.6098x196,block,11
912,1,Andrew Robinson,clarkclaudia@yahoo.com,D*+7nBcDNH,859-438-6860,active,150
913,1,Renee Villa,qthomas@gmail.com,jnV@8Tbl93,(575)830-6168x6089,active,119
914,2,Anthony Ramirez,christina60@russell.net,VJ25BgTSh+,001-773-159-5916x62403,active,182
915,2,Tracy Brooks,wrightwilliam@yahoo.com,_9gG8eioH@,655-614-2668x79897,active,186
916,1,Ronald Jackson,lawrence05@kim.com,TZ4vdJd7@o,+1-772-363-9001x5109,inactive,150
917,1,Donald Hines,carlschwartz@smith.net,3yyVwTro%o,001-361-590-1342x32511,block,31
918,1,Lindsay Larsen,gonzaleschristopher@hotmail.com,z8UAYdk8)n,-2673,inactive,82
919,2,Kristen Roberts,normancuevas@baxter-hernandez.info,Hl7DffPZ%C,733.665.3952,active,48
920,1,Stephanie Donaldson,derrick02@sharp.net,kr&00Oa%b2,(236)034-0014,active,156
921,2,Amber Cole,znelson@yahoo.com,n0b(HEwS@x,(064)707-1857,active,99
922,2,Emily Burke,gnorton@ferrell-carter.com,2o7SayDfw&,(023)027-2595x1321,active,185
923,1,John Walls,tiffanylawrence@mcmahon.info,WVLxZ*Lu^9,-11333,inactive,52
924,1,Nathan Wagner,batesashley@hotmail.com,&eLwFKGf#9,(342)445-6244x95932,block,17
925,2,Kyle Jones,vanessawilliams@davidson-doyle.com,ok6DSsYe)!,+1-958-913-2022x9814,block,87
926,1,Katherine Kim,brownjeremy@brown.net,P^88pGIh&S,141-217-3228x239,block,171
927,2,Ryan Adams,villegasshannon@marsh-morris.com,_1(4icZmM*,001-058-024-6859x694,block,37
928,1,Jeremy Brown,benjaminmartin@roth.biz,Gl7#dhGrb&,(674)676-8226,active,65
929,2,Dylan Morris,beardsteven@hotmail.com,C+9OW3t!f%,001-839-056-3550x2667,block,194
930,2,Donald Phillips,robyngraham@lee-brown.com,8tADMuOQ*Z,-7640,inactive,47
931,1,Jerry Joseph,caitlin14@cummings.com,2B$98PEsCu,075-540-7400,active,19
932,1,Kim Ruiz,ypacheco@hotmail.com,n$8QYnxB5&,155.147.7879,inactive,200
933,1,Christopher Mclaughlin,kaitlynmendez@yahoo.com,#0y9HynRH%,535.372.3794x544,active,100
934,2,Greg Pugh,zchandler@gmail.com,pKi3w!@ih%,907.554.0668x539,active,66
935,2,Leonard Martin Jr.,dcook@parsons-roberts.com,)8^f99Bh@R,+1-624-729-0306x78074,inactive,85
936,1,Angel Lloyd,crawfordmorgan@abbott.com,&6VlkI0C8X,(981)603-1352,active,195
937,1,James Martin,paullewis@campbell.org,o8SpSqNb@^,369-258-9231x3677,block,141
938,2,Victoria Waters,jonathan51@hotmail.com,#1HbXIfyR!,192-988-8638x111,block,199
939,1,Sean Stanley,xgalloway@deleon.com,F@!0TB!cK9,243-789-4437,active,157
940,2,Douglas Crawford,hugheschristopher@yahoo.com,9TfZ9Auv_y,230.222.6054x728,active,3
941,1,Carrie Frazier,michelle50@ortiz.biz,D2WON4vc*e,631-768-9529,active,123
942,1,Ryan Sanders,lisa84@salazar.com,%gO4xViedh,035-928-6320,inactive,200
943,2,Sonya Scott,phillipsjustin@hotmail.com,1!fH03Mi#D,001-249-447-3563x969,block,20
944,2,Travis Phillips,christopherjohnson@hotmail.com,j#T6tuh^*2,001-643-497-3490,active,56
945,2,Brian Roman,william49@hotmail.com,5(4KgNHaQw,+1-969-592-1171x1033,active,72
946,1,Steven Bailey,yclements@khan.com,Ut5Iuprw*r,683.360.0199x95249,block,23
947,2,Ryan Moore,crystal68@gmail.com,+8P&hZ7B(0,606.597.5634x2267,block,198
948,2,Matthew Taylor,suzanne73@dyer.com,+3d9Ja4zF),956-960-5198x54413,active,63
949,2,Spencer Gray,alexanderbaker@richardson.biz,&9E5zfrKsC,929.146.1489,inactive,104
950,2,Carla Brown,myersangela@chambers.com,)c0OX*Gkzx,612-704-6619,block,102
951,2,Jessica Gilmore,david44@hotmail.com,Io7K)uq8%9,6210603780,inactive,104
952,2,Mark Morgan,stevenaguilar@ramirez.net,a_H(7SWlW&,946774834,inactive,14
953,2,Nicholas Chavez,dfox@gmail.com,8kIa6^E0*t,(069)144-1155x273,block,144
954,2,Sarah Valdez,rachel74@yahoo.com,_(V83CJ+_y,159.700.2828x9915,block,148
955,2,Julie Lopez,christopherclark@myers-mccullough.com,#p2GO)$g_W,343.949.9527x57136,inactive,53
956,2,Adam Khan,melissa00@warner.com,n*A8MXEy+v,8573222443,block,144
957,1,Amy Moore,bushkyle@armstrong.com,+v#0NYrrZl,-7805,active,155
958,1,Brian Molina,johnfuller@barrett.com,6xCEYvtI^f,5257320212,active,128
959,2,Eric Stephens,jennifermorgan@yahoo.com,zFZME%cq(3,817-729-4551,block,70
960,1,Melinda Velazquez,dturner@yahoo.com,!1%%2T&aTw,001-994-679-5116x11942,inactive,72
961,1,Brandy Schultz,anthony54@herrera.com,cZ0Lfq8Q8),001-572-640-8350x405,active,90
962,2,Donald Cruz,bjohnson@hotmail.com,xKDS57pnf!,446-036-5880x52806,block,70
963,2,Ryan Rojas,mgreen@garrison.net,i@m0R!FcU!,(337)188-3761,active,96
964,2,Stephanie Crawford,pattondale@moore.org,@oU5BYMu71,703.499.5372,inactive,77
965,2,Michael Smith,josephwalker@hanson.com,^5eRogIf%G,+1-445-935-3960x8084,inactive,128
966,2,Michael Taylor,lancewilliams@hotmail.com,1$5O%O1_ww,603.075.7819x73570,inactive,154
967,2,Tammy English,owells@gmail.com,C77Kpgcm)X,+1-211-747-9285x825,active,95
968,2,Michelle Phillips,sturner@yahoo.com,L#5t7$OjPP,+1-551-161-5292x3315,block,163
969,1,Henry Bridges PhD,morenoamber@hotmail.com,J9P8OFUL&c,(168)139-5900,active,76
970,2,Nancy Sexton,jonesgabriel@obrien-mcconnell.com,TF1w#6UpBH,255.125.7822x39698,block,28
971,2,Amanda Bailey,xgonzalez@wade.com,Ben8fqZK!!,(961)307-1698x7545,active,139
972,2,Richard Frazier,lisa70@yahoo.com,Tu4Qler7+9,118.017.6037x06778,active,5
973,2,Robert Carr,roger29@yahoo.com,Q2PVPnjZ#1,001-114-437-5342,inactive,188
974,2,Michael Armstrong,crystal30@gmail.com,7Z6WMFig@Q,850-925-4125x2837,active,144
975,1,Dawn Rasmussen,tfigueroa@aguilar.com,+lOYj4%p6p,+1-949-584-0500x93939,block,67
976,2,Rhonda Rice,omurray@king-jones.biz,RzUfEVPO@2,919.366.7697x8717,block,172
977,1,Brittany Jones,pgreen@yahoo.com,Ks8Y8Ila2_,1615176012,inactive,47
978,1,Richard Howell,bradyrogers@spears.com,IFBJUii5#3,054.839.5960,active,47
979,2,Steven Campbell,ismith@gmail.com,T%7XL@vtxd,888-425-2960,block,22
980,2,Karen Zimmerman,cassandrasmith@jackson-graves.org,V1BNJue6*9,574-784-4716x540,active,99
981,2,Stephanie Wright,joseph87@johnson-braun.biz,IhKYo9Zxm_,001-631-259-0279x5478,inactive,60
982,1,Marc Joseph,williamsanthony@jones.info,YO+3VGlvEN,+1-413-953-4608x2268,active,157
983,1,Kristine Scott,jared18@farmer.com,(!6#PMJ9Jw,399-835-5008x985,block,139
984,1,Kyle Hill,joshuajohnson@hurley.com,(cKHeaUa&9,001-290-578-5659x845,inactive,123
985,2,Adrian Reyes,tsmith@walker-rodriguez.org,#NAME?,749-098-5434,inactive,20
986,2,Leslie Patel,joseph82@berg.org,(Ug*G8TtbM,(665)227-5190x56667,active,8
987,1,Samantha Ayala,daniel82@gmail.com,Y$$di1Ts!c,022-815-6088x885,block,1
988,2,Tracy Ruiz,johnhardy@clark.com,mLzZO2Ne!3,129-309-0881x904,inactive,136
989,2,Todd Wilson,tanderson@wang.com,!2QeAI+tSO,870-347-8210,block,177
990,2,Meghan Jenkins,walkertommy@yahoo.com,kj3v^NjO&h,5492692314,active,43
991,1,Misty Rivera,hocrystal@may-johnson.com,^^#pGNhCi5,-9272,inactive,160
992,2,Teresa Jones,aguilarhenry@hotmail.com,fUBCidyi^2,744.754.8888x714,active,136
993,2,Jordan Thomas,thomashopkins@brown.org,Xj3XfYbdB&,613-569-5487x00773,inactive,181
994,1,Gabriel Lynn,alexis94@smith.net,YB9@WUun^#,2352730164,block,164
995,1,Seth Horn,michaelwillis@hotmail.com,b(L0^6vgFL,6325955838,inactive,85
996,1,Whitney Murphy,cohenlee@gmail.com,7I9!VQWk+@,001-097-936-6524x03268,active,43
997,1,Todd Coleman,sfry@parks.com,_9!Z!dec2a,221.561.5831x54863,inactive,126
998,1,Jimmy Henderson,nicholas14@hotmail.com,5#(y^Vfp@z,(855)940-6781,inactive,97
999,2,Melissa Johnson,lindsayschaefer@palmer.com,s_0Nhb&7lX,(952)050-4191x8556,active,198
1000,1,Tracy Mathews,april12@white.com,(DSo4XF)^4,584-196-9658,block,94
